employee_number,name,gender,family_status,age,kids_number,nationality,birth_country,did_army,is_officer,department,current_job,office_seniority,job_seniority,first_degree,second_degree,languages,certification_courses,external_courses,previous_jobs,manager_emp,photo_url
1021,יוסי כהן,זכר,נשואה,29,2,ישראלית,ישראל,כן,כן,טכנולוגיה,"מנהל מש""א",6,3,תואר ראשון כלכלה,אין,"עברית, אנגלית","מש""א","תקשורת ארגונית, ניהול פרויקטים מתקדם",מהנדס תוכנה,עובד,https://easydrawingguides.com/wp-content/uploads/2022/12/how-to-draw-an-easy-lisa-simpson-drawing-featured-image-1200.png
1022,מיכל לוי,זכר,גרושה,34,2,ישראלית,ישראל,כן,לא,טכנולוגיה,מנהלת רווחה,2,4,תואר ראשון מדעי המחשב,אין,"עברית, אנגלית","מש""א","Java בסיסי, SQL למתקדמים",עורך תוכן,עובד,https://easydrawingguides.com/wp-content/uploads/2022/12/how-to-draw-an-easy-lisa-simpson-drawing-featured-image-1200.png
1023,דניאל פרץ,זכר,נשוי,25,2,ישראלית,אוקראינה,כן,כן,לוגיסטיקה,חוקר אירועי סייבר,7,4,תואר ראשון מערכות מידע,אין,"עברית, אנגלית",IR,"יסודות אבטחת מידע, תקשורת בין־אישית מתקדמת",CISO Team,עובד,https://easydrawingguides.com/wp-content/uploads/2022/12/how-to-draw-an-easy-lisa-simpson-drawing-featured-image-1200.png
1024,תמר שטרית,זכר,גרושה,40,1,ישראלית,ישראל,כן,לא,לוגיסטיקה,"מנהל מש""א",7,3,תואר ראשון בחינוך,אין,"עברית, אנגלית",רווחה,"יסודות אבטחת מידע, Excel מקצועי – שלב 3",רכזת רווחה,עובד,https://easydrawingguides.com/wp-content/uploads/2022/12/how-to-draw-an-easy-lisa-simpson-drawing-featured-image-1200.png
1025,אורן מאור,זכר,נשואה,27,1,ישראלית,ישראל,כן,לא,משאבי אנוש,מפתח Backend,9,1,תואר ראשון מדעי המדינה,תואר שני הנדסת תוכנה,"עברית, אנגלית",אקסל,"Python יסודות, תקשורת בין־אישית מתקדמת",רפרנטית HR,עובד,https://easydrawingguides.com/wp-content/uploads/2022/12/how-to-draw-an-easy-lisa-simpson-drawing-featured-image-1200.png
1026,אורן כהן,נקבה,נשוי,36,2,ישראלית,ישראל,כן,לא,לוגיסטיקה,מנהל רכש,1,2,תואר ראשון חינוך,אין,"עברית, אנגלית",אקסל,"SQL בסיסי, Cyber Defense Expert",מנתחת מערכות,עובד,https://easydrawingguides.com/wp-content/uploads/2022/12/how-to-draw-an-easy-lisa-simpson-drawing-featured-image-1200.png
1027,מאיה לוי,נקבה,רווק,32,0,ישראלית,ישראל,כן,לא,סייבר,אנליסטית סייבר,2,1,תואר ראשון כלכלה,אין,"עברית, אנגלית","מש""א","Java בסיסי, Data Analysis Pro",סייר בטחון,עובד,https://easydrawingguides.com/wp-content/uploads/2022/12/how-to-draw-an-easy-lisa-simpson-drawing-featured-image-1200.png
1028,תמיר רוזן,נקבה,נשואה,38,0,ישראלית,ארגנטינה,כן,כן,לוגיסטיקה,מנהל פרויקטים,6,3,תואר ראשון מדעי המחשב,תואר שני שיווק,"עברית, אנגלית",שירות לקוחות,"יסודות אבטחת מידע, ניהול פרויקטים מתקדם",מהנדס תוכנה,עובד,https://easydrawingguides.com/wp-content/uploads/2022/12/how-to-draw-an-easy-lisa-simpson-drawing-featured-image-1200.png
1029,שיר עופר,נקבה,גרושה,39,2,ישראלית,ישראל,לא,לא,משאבי אנוש,מפתח Full Stack,4,1,תואר ראשון מנהל עסקים,אין,"עברית, אנגלית",Agile,"יסודות אבטחת מידע, Excel מקצועי – שלב 3",CISO Team,עובד,https://easydrawingguides.com/wp-content/uploads/2022/12/how-to-draw-an-easy-lisa-simpson-drawing-featured-image-1200.png
1030,דניאל שפירא,זכר,נשוי,29,3,ישראלית,ישראל,כן,לא,מודיעין,אנליסטית מודיעין,4,6,תואר ראשון לוגיסטיקה,אין,"עברית, אנגלית",אקסל,"Agile Foundations, Python מתקדם",רפרנטית HR,עובד,https://easydrawingguides.com/wp-content/uploads/2022/12/how-to-draw-an-easy-lisa-simpson-drawing-featured-image-1200.png
1031,דניאל כהן,נקבה,רווק,38,2,ישראלית,ישראל,כן,לא,כספים,אחראית פרט ורווחה,3,3,תואר ראשון מנהל עסקים,תואר שני שיווק,"עברית, אנגלית",רווחה,"Java בסיסי, Python מתקדם",SOC Analyst,עובד,https://easydrawingguides.com/wp-content/uploads/2022/12/how-to-draw-an-easy-lisa-simpson-drawing-featured-image-1200.png
1032,מיה לוי,נקבה,נשוי,29,2,ישראלית,ישראל,כן,לא,מודיעין,מתאמת לוגיסטיקה,3,6,תואר ראשון כלכלה,אין,"עברית, אנגלית",Storyline,"יסודות אבטחת מידע, ניהול פרויקטים מתקדם",אנליסטית,עובד,https://easydrawingguides.com/wp-content/uploads/2022/12/how-to-draw-an-easy-lisa-simpson-drawing-featured-image-1200.png
1033,אורן ברק,זכר,נשואה,34,0,ישראלית,ישראל,כן,כן,משאבי אנוש,מנהל חשבונות,4,6,תואר ראשון ביחסים בינלאומיים,אין,"עברית, אנגלית",Python,"יסודות אבטחת מידע, ניהול פרויקטים מתקדם",אנליסטית,עובד,https://easydrawingguides.com/wp-content/uploads/2022/12/how-to-draw-an-easy-lisa-simpson-drawing-featured-image-1200.png
1034,סיון אברהם,זכר,רווקה,24,2,ישראלית,ישראל,כן,לא,מודיעין,אחראית פרט ורווחה,10,2,תואר ראשון כלכלה,אין,"עברית, אנגלית",קורס ניהול ראיונות,"יסודות אבטחת מידע, Java למתקדמים",סייר בטחון,עובד,https://easydrawingguides.com/wp-content/uploads/2022/12/how-to-draw-an-easy-lisa-simpson-drawing-featured-image-1200.png
1035,יוסי שטרית,נקבה,רווק,27,2,ישראלית,ישראל,כן,לא,טכנולוגיה,רכזת מלאי,6,4,תואר ראשון מערכות מידע,אין,"עברית, אנגלית",IR,"SQL בסיסי, תקשורת בין־אישית מתקדמת",SOC Analyst,מנהל,https://easydrawingguides.com/wp-content/uploads/2022/12/how-to-draw-an-easy-lisa-simpson-drawing-featured-image-1200.png
1039,דנה שמיר,נקבה,רווק,29,2,ישראלית,ישראל,כן,כן,משאבי אנוש,רכזת מלאי,9,4,תואר ראשון כלכלה,אין,"עברית, אנגלית",שירות לקוחות,"Excel בסיסי, Data Analysis Pro",רכזת רווחה,עובד,https://easydrawingguides.com/wp-content/uploads/2022/12/how-to-draw-an-easy-lisa-simpson-drawing-featured-image-1200.png
1040,איתן סלומון,זכר,רווקה,26,2,ישראלית,ישראל,כן,לא,לוגיסטיקה,רכז אבטחת מידע,10,3,תואר ראשון במדעי המחשב,אין,"עברית, אנגלית, צרפתית",SOC L1,"Agile Foundations, ניהול פרויקטים מתקדם",עוזרת לוגיסטית,מנהל,https://easydrawingguides.com/wp-content/uploads/2022/12/how-to-draw-an-easy-lisa-simpson-drawing-featured-image-1200.png
1044,שירה מאור,נקבה,נשואה,39,0,ישראלית,ישראל,לא,לא,משאבי אנוש,רכזת גיוס,2,5,תואר ראשון לוגיסטיקה,אין,"עברית, אנגלית",IR,"יסודות אבטחת מידע, תקשורת בין־אישית מתקדמת",רכזת רווחה,עובד,https://easydrawingguides.com/wp-content/uploads/2022/12/how-to-draw-an-easy-lisa-simpson-drawing-featured-image-1200.png
1045,אורי גולדשטיין,נקבה,נשואה,28,1,ישראלית,ישראל,כן,לא,משאבי אנוש,רכז אבטחת מידע,8,4,תואר ראשון לוגיסטיקה,תואר שני למידה,"עברית, אנגלית",ניהול סיכונים,"SQL בסיסי, Cyber Defense Expert",מפתח Backend,עובד,https://easydrawingguides.com/wp-content/uploads/2022/12/how-to-draw-an-easy-lisa-simpson-drawing-featured-image-1200.png
1047,רונית לוי,זכר,נשואה,39,0,ישראלית,ישראל,כן,לא,סייבר,איסוף מודיעין,4,4,תואר ראשון חינוך,אין,"עברית, אנגלית",IR,"יסודות אבטחת מידע, ניהול פרויקטים מתקדם",עוזרת לוגיסטית,מנהל,https://easydrawingguides.com/wp-content/uploads/2022/12/how-to-draw-an-easy-lisa-simpson-drawing-featured-image-1200.png
1049,מאיה שטרית,זכר,רווקה,26,3,ישראלית,ישראל,כן,לא,משאבי אנוש,רכזת גיוס,2,2,תואר ראשון במדעי המחשב,תואר שני הנדסת תוכנה,"עברית, אנגלית",איסוף,"יסודות אבטחת מידע, Data Analysis Pro",מנתחת מערכות,עובד,https://easydrawingguides.com/wp-content/uploads/2022/12/how-to-draw-an-easy-lisa-simpson-drawing-featured-image-1200.png
1050,אורי ברק,נקבה,נשואה,34,0,ישראלית,ישראל,כן,לא,לוגיסטיקה,איסוף מודיעין,8,1,תואר ראשון כלכלה,אין,"עברית, אנגלית",ניתוח מודיעיני,"תקשורת ארגונית, ניהול פרויקטים מתקדם",SOC Analyst,מנהל,https://easydrawingguides.com/wp-content/uploads/2022/12/how-to-draw-an-easy-lisa-simpson-drawing-featured-image-1200.png
1053,תמר שמיר,נקבה,נשואה,27,0,ישראלית,ישראל,כן,לא,משאבי אנוש,מנהל פרויקטים,4,4,תואר ראשון מדעי המחשב,תואר שני הנדסת תוכנה,"עברית, אנגלית",ניהול פרויקטים,"יסודות אבטחת מידע, ניהול פרויקטים מתקדם",SOC Analyst,עובד,https://easydrawingguides.com/wp-content/uploads/2022/12/how-to-draw-an-easy-lisa-simpson-drawing-featured-image-1200.png
1054,דניאל ברק,נקבה,נשואה,29,0,ישראלית,ישראל,כן,לא,טכנולוגיה,מפתח Full Stack,8,1,תואר ראשון מדעי המחשב,אין,"עברית, אנגלית, ספרדית","מש""א","Java בסיסי, Cloud Architecture Expert",רפרנטית HR,עובד,https://easydrawingguides.com/wp-content/uploads/2022/12/how-to-draw-an-easy-lisa-simpson-drawing-featured-image-1200.png
1055,עומר גולן,זכר,נשואה,35,0,ישראלית,ישראל,כן,לא,משאבי אנוש,מתאמת לוגיסטיקה,2,3,תואר ראשון מדעי המחשב,אין,"עברית, אנגלית, רוסית",איסוף,"תקשורת ארגונית, ניהול פרויקטים מתקדם",רפרנטית HR,עובד,https://easydrawingguides.com/wp-content/uploads/2022/12/how-to-draw-an-easy-lisa-simpson-drawing-featured-image-1200.png
1058,דניאל רוזן,זכר,נשוי,41,0,ישראלית,ישראל,לא,כן,משאבי אנוש,נציג שירות,10,2,תואר ראשון מדעי המדינה,אין,"עברית, אנגלית",שרשרת אספקה,"יסודות אבטחת מידע, ניהול פרויקטים מתקדם",עורך תוכן,מנהל,https://easydrawingguides.com/wp-content/uploads/2022/12/how-to-draw-an-easy-lisa-simpson-drawing-featured-image-1200.png
1059,שני ברק,זכר,נשוי,34,0,ישראלית,ישראל,כן,כן,סייבר,מנהל חשבונות,8,2,תואר ראשון מערכות מידע,אין,"עברית, אנגלית, צרפתית",Full-Stack,"יסודות אבטחת מידע, Data Analysis Pro",רכזת מידע,עובד,https://easydrawingguides.com/wp-content/uploads/2022/12/how-to-draw-an-easy-lisa-simpson-drawing-featured-image-1200.png
1060,עומר שמיר,זכר,רווק,28,0,ישראלית,ישראל,כן,לא,מודיעין,אנליסטית סייבר,4,2,תואר ראשון במדעי המחשב,אין,"עברית, אנגלית",רווחה,"תקשורת ארגונית, Cloud Architecture Expert",איסוף שטח,עובד,https://easydrawingguides.com/wp-content/uploads/2022/12/how-to-draw-an-easy-lisa-simpson-drawing-featured-image-1200.png
1063,אורי פרידמן,זכר,נשוי,27,0,ישראלית,ישראל,לא,כן,סייבר,מנהל פרויקטים,3,1,תואר ראשון מערכות מידע,אין,"עברית, אנגלית",SOC L1,"יסודות אבטחת מידע, Data Analysis Pro",CISO Team,עובד,https://easydrawingguides.com/wp-content/uploads/2022/12/how-to-draw-an-easy-lisa-simpson-drawing-featured-image-1200.png
1064,תמר שטרן,נקבה,נשואה,41,2,ישראלית,ישראל,כן,כן,טכנולוגיה,"מנהל מש""א",2,1,תואר ראשון מדעי המחשב,אין,"עברית, רוסית, אנגלית",ניהול אירועים,"יסודות אבטחת מידע, ניהול פרויקטים מתקדם",עוזרת לוגיסטית,עובד,https://easydrawingguides.com/wp-content/uploads/2022/12/how-to-draw-an-easy-lisa-simpson-drawing-featured-image-1200.png
1065,יוסי ברק,נקבה,רווקה,29,1,ישראלית,ישראל,כן,לא,משאבי אנוש,מנהל רכש,3,4,תואר ראשון מדעי המדינה,אין,"עברית, אנגלית",חשבות שכר,"יסודות אבטחת מידע, תקשורת בין־אישית מתקדמת",מנהל דיגיטל,עובד,https://easydrawingguides.com/wp-content/uploads/2022/12/how-to-draw-an-easy-lisa-simpson-drawing-featured-image-1200.png
1068,יוסי פרץ,נקבה,נשוי,31,2,ישראלית,ישראל,כן,כן,כספים,מנהל חשבונות,2,1,תואר ראשון במדעי המחשב,אין,"עברית, אנגלית",Full-Stack,"SQL בסיסי, תקשורת בין־אישית מתקדמת",מהנדס תוכנה,עובד,https://easydrawingguides.com/wp-content/uploads/2022/12/how-to-draw-an-easy-lisa-simpson-drawing-featured-image-1200.png
1069,שירה רוזנברג,זכר,נשואה,28,0,ישראלית,ישראל,כן,לא,משאבי אנוש,מתאמת לוגיסטיקה,1,2,תואר ראשון מערכות מידע,אין,"עברית, אנגלית",חשבות שכר,"SQL בסיסי, תקשורת בין־אישית מתקדמת",SOC Analyst,מנהל,https://easydrawingguides.com/wp-content/uploads/2022/12/how-to-draw-an-easy-lisa-simpson-drawing-featured-image-1200.png
1073,דניאל פרידמן,נקבה,נשוי,40,0,ישראלית,ישראל,כן,כן,טכנולוגיה,אנליסטית סייבר,4,2,תואר ראשון מדעי המחשב,אין,"עברית, אנגלית",רווחה,"יסודות אבטחת מידע, ניהול פרויקטים מתקדם",עורך תוכן,עובד,https://easydrawingguides.com/wp-content/uploads/2022/12/how-to-draw-an-easy-lisa-simpson-drawing-featured-image-1200.png
1074,רוני גולדשטיין,זכר,רווק,29,2,ישראלית,ישראל,כן,לא,מודיעין,רכזת מלאי,3,3,תואר ראשון חינוך,תואר שני למידה,"עברית, אנגלית",ניהול סיכונים,"SQL בסיסי, Cyber Defense Expert",מנהל דיגיטל,עובד,https://easydrawingguides.com/wp-content/uploads/2022/12/how-to-draw-an-easy-lisa-simpson-drawing-featured-image-1200.png
1075,עומר שטרית,זכר,רווקה,37,1,ישראלית,ישראל,כן,לא,לוגיסטיקה,מנהל תוכן,4,6,תואר ראשון מדעי המחשב,תואר שני הנדסת תוכנה,"עברית, רוסית, אנגלית",Storyline,"יסודות אבטחת מידע, ניהול פרויקטים מתקדם",מדריכת קורסים,עובד,https://easydrawingguides.com/wp-content/uploads/2022/12/how-to-draw-an-easy-lisa-simpson-drawing-featured-image-1200.png
1084,רונית שמיר,זכר,נשואה,41,0,ישראלית,ישראל,כן,לא,לוגיסטיקה,מנהל רכש,8,3,תואר ראשון במדעי המחשב,אין,"עברית, אנגלית",Inventory,"Java בסיסי, Python מתקדם",עוזרת לוגיסטית,עובד,https://easydrawingguides.com/wp-content/uploads/2022/12/how-to-draw-an-easy-lisa-simpson-drawing-featured-image-1200.png
1085,אורן גולן,זכר,נשוי,33,1,ישראלית,ישראל,לא,לא,משאבי אנוש,מנהל תוכן,2,5,תואר ראשון מדעי המדינה,תואר שני מנהל עסקים,"עברית, אנגלית",אקסל,"Java בסיסי, Cloud Architecture Expert",סייר בטחון,עובד,https://easydrawingguides.com/wp-content/uploads/2022/12/how-to-draw-an-easy-lisa-simpson-drawing-featured-image-1200.png
1089,נועה שמיר,נקבה,נשואה,29,0,ישראלית,צרפת,כן,כן,מודיעין,מפתח Full Stack,4,2,תואר ראשון מדעי המדינה,אין,"עברית, אנגלית",רווחה,"SQL בסיסי, תקשורת בין־אישית מתקדמת",מנתחת מערכות,עובד,https://easydrawingguides.com/wp-content/uploads/2022/12/how-to-draw-an-easy-lisa-simpson-drawing-featured-image-1200.png
1090,יוסי מאור,זכר,רווקה,32,0,ישראלית,ישראל,כן,לא,סייבר,איסוף מודיעין,9,2,תואר ראשון ביחסים בינלאומיים,אין,"עברית, אנגלית, ספרדית",קורס ניהול ראיונות,"Excel בסיסי, Data Analysis Pro",Helpdesk,מנהל,https://easydrawingguides.com/wp-content/uploads/2022/12/how-to-draw-an-easy-lisa-simpson-drawing-featured-image-1200.png
1093,רוני ברק,זכר,נשואה,31,0,ישראלית,ישראל,כן,לא,סייבר,מפתח Backend,6,5,תואר ראשון מדעי המדינה,אין,"עברית, אנגלית",Inventory,"תקשורת ארגונית, ניהול פרויקטים מתקדם",מדריכת הדרכה,עובד,https://easydrawingguides.com/wp-content/uploads/2022/12/how-to-draw-an-easy-lisa-simpson-drawing-featured-image-1200.png
1094,עינת שטרית,זכר,רווק,37,3,ישראלית,ישראל,כן,לא,טכנולוגיה,אחראית פרט ורווחה,3,1,תואר ראשון חינוך,תואר שני שיווק,"עברית, אנגלית",ניהול אירועים,"יסודות אבטחת מידע, Data Analysis Pro",אנליסטית,מנהל,https://easydrawingguides.com/wp-content/uploads/2022/12/how-to-draw-an-easy-lisa-simpson-drawing-featured-image-1200.png
1095,דניאל גולדשטין,נקבה,נשואה,39,0,ישראלית,צרפת,כן,כן,טכנולוגיה,נציג שירות,9,4,תואר ראשון לוגיסטיקה,אין,"עברית, אנגלית",קורס ניהול ראיונות,"תקשורת ארגונית, Python מתקדם",איסוף שטח,מנהל,https://easydrawingguides.com/wp-content/uploads/2022/12/how-to-draw-an-easy-lisa-simpson-drawing-featured-image-1200.png
1099,אורית שטרית,נקבה,רווקה,39,1,ישראלית,ישראל,כן,כן,לוגיסטיקה,אנליסטית כספים,9,6,תואר ראשון קרימינולוגיה,אין,"עברית, אנגלית","מש""א","תקשורת ארגונית, ניהול פרויקטים מתקדם",רכזת רווחה,עובד,https://easydrawingguides.com/wp-content/uploads/2022/12/how-to-draw-an-easy-lisa-simpson-drawing-featured-image-1200.png
1104,תמר שמשון,נקבה,גרושה,41,3,ישראלית,ישראל,כן,לא,כספים,מפתח Full Stack,3,2,תואר ראשון חינוך,אין,"עברית, אנגלית, צרפתית",רווחה,"SQL בסיסי, תקשורת בין־אישית מתקדמת",מנהל דיגיטל,מנהל,https://easydrawingguides.com/wp-content/uploads/2022/12/how-to-draw-an-easy-lisa-simpson-drawing-featured-image-1200.png
1105,דניאל מזרחי,נקבה,נשואה,27,0,ישראלית,ישראל,כן,לא,כספים,רכזת גיוס,7,3,תואר ראשון כלכלה,תואר שני שיווק,"עברית, אנגלית",ניהול פרויקטים,"SQL בסיסי, Cyber Defense Expert",מדריכת קורסים,עובד,https://easydrawingguides.com/wp-content/uploads/2022/12/how-to-draw-an-easy-lisa-simpson-drawing-featured-image-1200.png
1110,אורי גולדמן,נקבה,נשוי,34,1,ישראלית,ישראל,כן,כן,סייבר,רכזת גיוס,5,2,תואר ראשון במדעי המחשב,אין,"עברית, אנגלית",ניתוח מודיעיני,"Excel בסיסי, Data Analysis Pro",אנליסטית,עובד,https://easydrawingguides.com/wp-content/uploads/2022/12/how-to-draw-an-easy-lisa-simpson-drawing-featured-image-1200.png
1114,דנה רוזן,נקבה,נשוי,26,0,ישראלית,ישראל,כן,לא,טכנולוגיה,"מנהל מש""א",3,3,תואר ראשון חינוך,אין,"עברית, אנגלית",ניהול פרויקטים,"יסודות אבטחת מידע, ניהול פרויקטים מתקדם",מתאמת תפעול,עובד,https://easydrawingguides.com/wp-content/uploads/2022/12/how-to-draw-an-easy-lisa-simpson-drawing-featured-image-1200.png
1115,רועי שקד,זכר,רווק,25,0,ישראלית,ישראל,כן,לא,מודיעין,חוקר אירועי סייבר,2,2,תואר ראשון פסיכולוגיה,אין,"עברית, אנגלית",Storyline,"SQL בסיסי, תקשורת בין־אישית מתקדמת",SOC Analyst,עובד,https://easydrawingguides.com/wp-content/uploads/2022/12/how-to-draw-an-easy-lisa-simpson-drawing-featured-image-1200.png
1119,שירה ברק,נקבה,נשואה,24,0,ישראלית,ישראל,כן,לא,טכנולוגיה,רכזת מלאי,7,2,תואר ראשון פסיכולוגיה,אין,"עברית, אנגלית, צרפתית",חשבות שכר,"Java בסיסי, Cloud Architecture Expert",SOC Analyst,מנהל,https://easydrawingguides.com/wp-content/uploads/2022/12/how-to-draw-an-easy-lisa-simpson-drawing-featured-image-1200.png
1120,אורן שטרן,זכר,רווק,30,3,ישראלית,ישראל,כן,לא,משאבי אנוש,רכזת מלאי,7,6,תואר ראשון מדעי המחשב,אין,"עברית, רוסית, אנגלית",חשבות שכר,"Java בסיסי, Python מתקדם",מדריכת קורסים,עובד,https://easydrawingguides.com/wp-content/uploads/2022/12/how-to-draw-an-easy-lisa-simpson-drawing-featured-image-1200.png
1124,שירה אברהם,נקבה,גרוש,35,2,ישראלית,אוקראינה,כן,כן,משאבי אנוש,מפתח Backend,7,1,תואר ראשון בחינוך,אין,"עברית, אנגלית",ניהול סיכונים,"SQL בסיסי, תקשורת בין־אישית מתקדמת",מנתחת מערכות,מנהל,https://easydrawingguides.com/wp-content/uploads/2022/12/how-to-draw-an-easy-lisa-simpson-drawing-featured-image-1200.png
1125,תומר גולן,נקבה,רווק,41,0,ישראלית,ישראל,לא,לא,כספים,מנהלת רווחה,1,4,תואר ראשון מערכות מידע,אין,"עברית, רוסית, אנגלית","מש""א","Java בסיסי, SQL למתקדמים",מדריכת הדרכה,מנהל,https://easydrawingguides.com/wp-content/uploads/2022/12/how-to-draw-an-easy-lisa-simpson-drawing-featured-image-1200.png
1130,יוסי שמעון,נקבה,נשואה,27,0,ישראלית,ישראל,לא,לא,טכנולוגיה,מפתח Full Stack,9,2,תואר ראשון חינוך,אין,"עברית, אנגלית, ספרדית",שירות לקוחות,"Agile Foundations, ניהול פרויקטים מתקדם",אנליסטית,מנהל,https://easydrawingguides.com/wp-content/uploads/2022/12/how-to-draw-an-easy-lisa-simpson-drawing-featured-image-1200.png
1134,עדי רוזנברג,זכר,נשוי,28,1,ישראלית,ישראל,כן,לא,טכנולוגיה,מפתח Full Stack,4,3,תואר ראשון מערכות מידע,אין,"עברית, אנגלית",אקסל,"Agile Foundations, ניהול פרויקטים מתקדם",CISO Team,עובד,https://easydrawingguides.com/wp-content/uploads/2022/12/how-to-draw-an-easy-lisa-simpson-drawing-featured-image-1200.png
1135,רון שטרן,זכר,נשוי,29,0,ישראלית,ישראל,כן,לא,לוגיסטיקה,מנהל חשבונות,5,3,תואר ראשון חינוך,אין,"עברית, אנגלית","מש""א","Java בסיסי, Cloud Architecture Expert",מנתחת מערכות,עובד,https://easydrawingguides.com/wp-content/uploads/2022/12/how-to-draw-an-easy-lisa-simpson-drawing-featured-image-1200.png
1139,שירה גולן,נקבה,נשוי,41,2,ישראלית,ישראל,כן,לא,טכנולוגיה,נציג שירות,10,4,תואר ראשון לוגיסטיקה,אין,"עברית, אנגלית",חשבות שכר,"יסודות אבטחת מידע, ניהול פרויקטים מתקדם",סייר בטחון,מנהל,https://easydrawingguides.com/wp-content/uploads/2022/12/how-to-draw-an-easy-lisa-simpson-drawing-featured-image-1200.png
1140,אורי שמיר,נקבה,רווקה,37,3,ישראלית,ישראל,כן,לא,משאבי אנוש,מפתח Full Stack,9,4,תואר ראשון מנהל עסקים,תואר שני מנהל עסקים,"עברית, אנגלית",Python,"SQL בסיסי, תקשורת בין־אישית מתקדמת",CISO Team,עובד,https://easydrawingguides.com/wp-content/uploads/2022/12/how-to-draw-an-easy-lisa-simpson-drawing-featured-image-1200.png
1143,דני פרץ,זכר,רווק,39,0,ישראלית,ישראל,לא,כן,לוגיסטיקה,"מנהל מש""א",9,1,תואר ראשון מערכות מידע,אין,"עברית, אנגלית",ניתוח מודיעיני,"Excel בסיסי, Data Analysis Pro",רכזת מידע,עובד,https://easydrawingguides.com/wp-content/uploads/2022/12/how-to-draw-an-easy-lisa-simpson-drawing-featured-image-1200.png
1144,עדי שטרית,נקבה,נשוי,38,2,ישראלית,ישראל,כן,לא,טכנולוגיה,מפתח Backend,7,2,תואר ראשון מערכות מידע,אין,"עברית, אנגלית",Inventory,"Python יסודות, תקשורת בין־אישית מתקדמת",מדריכת קורסים,עובד,https://easydrawingguides.com/wp-content/uploads/2022/12/how-to-draw-an-easy-lisa-simpson-drawing-featured-image-1200.png
1145,אורן גולדשטין,נקבה,רווקה,28,1,ישראלית,ישראל,לא,לא,טכנולוגיה,מפתח Full Stack,9,5,תואר ראשון לוגיסטיקה,אין,"עברית, אנגלית","מש""א","יסודות אבטחת מידע, תקשורת בין־אישית מתקדמת",רכזת רווחה,מנהל,https://easydrawingguides.com/wp-content/uploads/2022/12/how-to-draw-an-easy-lisa-simpson-drawing-featured-image-1200.png
1148,רועי שטרן,נקבה,גרוש,39,0,ישראלית,ישראל,כן,כן,לוגיסטיקה,רכזת מלאי,4,1,תואר ראשון במשאבי אנוש,תואר שני הנדסת תוכנה,"עברית, אנגלית",IR,"Java בסיסי, Python מתקדם",נציג טלפוני,עובד,https://easydrawingguides.com/wp-content/uploads/2022/12/how-to-draw-an-easy-lisa-simpson-drawing-featured-image-1200.png
1149,תמר ברק,נקבה,נשואה,41,2,ישראלית,אוקראינה,כן,לא,כספים,רכזת מלאי,2,2,תואר ראשון לוגיסטיקה,אין,"עברית, אנגלית, רוסית",חשבות שכר,"Excel בסיסי, Data Analysis Pro",סייר בטחון,עובד,https://easydrawingguides.com/wp-content/uploads/2022/12/how-to-draw-an-easy-lisa-simpson-drawing-featured-image-1200.png
1150,דניאל גולן,זכר,רווק,36,2,ישראלית,ישראל,כן,כן,משאבי אנוש,מפתח Backend,3,3,תואר ראשון מערכות מידע,אין,"עברית, אנגלית",קופי,"יסודות אבטחת מידע, Excel מקצועי – שלב 3",מהנדס תוכנה,עובד,https://easydrawingguides.com/wp-content/uploads/2022/12/how-to-draw-an-easy-lisa-simpson-drawing-featured-image-1200.png
1153,מאיה ברק,זכר,גרוש,38,2,ישראלית,ישראל,כן,לא,לוגיסטיקה,מפתח Full Stack,2,2,תואר ראשון מנהל עסקים,אין,"עברית, רוסית, אנגלית",Storyline,"Java בסיסי, Data Analysis Pro",איסוף שטח,עובד,https://easydrawingguides.com/wp-content/uploads/2022/12/how-to-draw-an-easy-lisa-simpson-drawing-featured-image-1200.png
1154,דניאל שמיר,נקבה,נשואה,36,2,ישראלית,ישראל,כן,כן,משאבי אנוש,אנליסטית סייבר,5,4,תואר ראשון חינוך,אין,"עברית, אנגלית",רווחה,"Agile Foundations, Python מתקדם",איסוף שטח,מנהל,https://easydrawingguides.com/wp-content/uploads/2022/12/how-to-draw-an-easy-lisa-simpson-drawing-featured-image-1200.png
1155,אורן רוזן,נקבה,נשוי,25,0,ישראלית,ישראל,כן,כן,טכנולוגיה,מנהל חשבונות,5,3,תואר ראשון חינוך,אין,"עברית, אנגלית, ספרדית",חשבות שכר,"תקשורת ארגונית, ניהול פרויקטים מתקדם",מנתחת מערכות,עובד,https://easydrawingguides.com/wp-content/uploads/2022/12/how-to-draw-an-easy-lisa-simpson-drawing-featured-image-1200.png
1159,דנה שטרית,זכר,רווק,31,2,ישראלית,ישראל,כן,לא,לוגיסטיקה,מתאמת לוגיסטיקה,3,3,תואר ראשון במשאבי אנוש,אין,"עברית, אנגלית, ספרדית",Python,"SQL בסיסי, תקשורת בין־אישית מתקדמת",מדריכת הדרכה,עובד,https://easydrawingguides.com/wp-content/uploads/2022/12/how-to-draw-an-easy-lisa-simpson-drawing-featured-image-1200.png
1163,אורן שמיר,נקבה,גרוש,33,1,ישראלית,אוקראינה,כן,כן,סייבר,מפתח Full Stack,2,3,תואר ראשון לוגיסטיקה,אין,"עברית, אנגלית",Python,"Java בסיסי, Cloud Architecture Expert",Helpdesk,עובד,https://easydrawingguides.com/wp-content/uploads/2022/12/how-to-draw-an-easy-lisa-simpson-drawing-featured-image-1200.png
1164,תמר גולן,נקבה,גרוש,29,1,ישראלית,רוסיה,כן,לא,משאבי אנוש,מנהלת רווחה,2,2,תואר ראשון חינוך,אין,"עברית, אנגלית",Full-Stack,"יסודות אבטחת מידע, ניהול פרויקטים מתקדם",איסוף שטח,מנהל,https://easydrawingguides.com/wp-content/uploads/2022/12/how-to-draw-an-easy-lisa-simpson-drawing-featured-image-1200.png
1171,עומר כהן,נקבה,נשוי,36,2,ישראלית,ישראל,כן,לא,טכנולוגיה,מפתח Backend,9,6,תואר ראשון בחינוך,תואר שני הנדסת תוכנה,"עברית, אנגלית",רווחה,"תקשורת ארגונית, Cloud Architecture Expert",רכזת מידע,עובד,https://easydrawingguides.com/wp-content/uploads/2022/12/how-to-draw-an-easy-lisa-simpson-drawing-featured-image-1200.png
1172,תמר לוי,נקבה,רווקה,25,1,ישראלית,ישראל,לא,כן,כספים,אחראית פרט ורווחה,2,3,תואר ראשון לוגיסטיקה,אין,"עברית, רוסית, אנגלית",SOC L1,"יסודות אבטחת מידע, Data Analysis Pro",מנתחת מערכות,עובד,https://easydrawingguides.com/wp-content/uploads/2022/12/how-to-draw-an-easy-lisa-simpson-drawing-featured-image-1200.png
1173,מאור ברק,נקבה,רווק,37,1,ישראלית,ישראל,כן,לא,לוגיסטיקה,מנהל חשבונות,5,6,תואר ראשון מדעי המחשב,אין,"עברית, אנגלית",IR,"יסודות אבטחת מידע, ניהול פרויקטים מתקדם",מהנדס תוכנה,עובד,https://easydrawingguides.com/wp-content/uploads/2022/12/how-to-draw-an-easy-lisa-simpson-drawing-featured-image-1200.png
1175,אורי אברהם,נקבה,גרושה,34,2,ישראלית,ישראל,לא,כן,משאבי אנוש,רכז אבטחת מידע,4,2,תואר ראשון לוגיסטיקה,אין,"עברית, אנגלית",Storyline,"Java בסיסי, Data Analysis Pro",SOC Analyst,מנהל,https://easydrawingguides.com/wp-content/uploads/2022/12/how-to-draw-an-easy-lisa-simpson-drawing-featured-image-1200.png
1180,עומרי ברק,נקבה,רווקה,36,0,ישראלית,ישראל,כן,לא,סייבר,מפתח Backend,4,6,תואר ראשון מדעי המחשב,אין,"עברית, אנגלית",Full-Stack,"Java בסיסי, Cloud Architecture Expert",מדריכת קורסים,עובד,https://easydrawingguides.com/wp-content/uploads/2022/12/how-to-draw-an-easy-lisa-simpson-drawing-featured-image-1200.png
1184,אורית גולן,זכר,נשוי,34,0,ישראלית,ישראל,כן,לא,משאבי אנוש,חוקר אירועי סייבר,2,2,תואר ראשון מדעי המדינה,אין,"עברית, אנגלית, ספרדית",Storyline,"SQL בסיסי, Cyber Defense Expert",אנליסט פיננסי,מנהל,https://easydrawingguides.com/wp-content/uploads/2022/12/how-to-draw-an-easy-lisa-simpson-drawing-featured-image-1200.png
1185,עידן שקד,זכר,רווק,32,0,ישראלית,רוסיה,כן,לא,לוגיסטיקה,אנליסטית מודיעין,10,2,תואר ראשון כלכלה,תואר שני הנדסת תוכנה,"עברית, אנגלית, ספרדית",SOC L1,"תקשורת ארגונית, Cloud Architecture Expert",סייר בטחון,עובד,https://easydrawingguides.com/wp-content/uploads/2022/12/how-to-draw-an-easy-lisa-simpson-drawing-featured-image-1200.png
1189,רונית ברק,נקבה,נשואה,32,0,ישראלית,ישראל,כן,כן,לוגיסטיקה,מפתח Full Stack,4,2,תואר ראשון לוגיסטיקה,אין,"עברית, אנגלית",ניהול סיכונים,"יסודות אבטחת מידע, תקשורת בין־אישית מתקדמת",אנליסטית,מנהל,https://easydrawingguides.com/wp-content/uploads/2022/12/how-to-draw-an-easy-lisa-simpson-drawing-featured-image-1200.png
1190,איתן שטרית,זכר,נשואה,26,1,ישראלית,צרפת,כן,לא,מודיעין,מפתח Backend,4,5,תואר ראשון ביחסים בינלאומיים,אין,"עברית, אנגלית",ניהול סיכונים,"יסודות אבטחת מידע, ניהול פרויקטים מתקדם",מנתחת מערכות,עובד,https://easydrawingguides.com/wp-content/uploads/2022/12/how-to-draw-an-easy-lisa-simpson-drawing-featured-image-1200.png
1198,דניאל אברמוב,נקבה,נשואה,41,1,ישראלית,ישראל,לא,לא,טכנולוגיה,מנהל פרויקטים,7,1,תואר ראשון פסיכולוגיה,אין,"עברית, אנגלית, רוסית",IR,"SQL בסיסי, תקשורת בין־אישית מתקדמת",Helpdesk,עובד,https://easydrawingguides.com/wp-content/uploads/2022/12/how-to-draw-an-easy-lisa-simpson-drawing-featured-image-1200.png
1200,אורי גולדשטין,נקבה,נשואה,29,2,ישראלית,ישראל,כן,לא,כספים,מנהלת רווחה,10,1,תואר ראשון מדעי המדינה,אין,"עברית, רוסית, אנגלית",קורס ניהול ראיונות,"Java בסיסי, Data Analysis Pro",מתאמת תפעול,עובד,https://easydrawingguides.com/wp-content/uploads/2022/12/how-to-draw-an-easy-lisa-simpson-drawing-featured-image-1200.png
1204,שיר ברק,נקבה,נשוי,36,1,ישראלית,ישראל,כן,לא,טכנולוגיה,מנהל תוכן,3,6,תואר ראשון מנהל עסקים,אין,"עברית, אנגלית",Full-Stack,"SQL בסיסי, תקשורת בין־אישית מתקדמת",מדריכת הדרכה,עובד,https://easydrawingguides.com/wp-content/uploads/2022/12/how-to-draw-an-easy-lisa-simpson-drawing-featured-image-1200.png
1205,אורי שמש,נקבה,רווק,37,2,ישראלית,ישראל,כן,כן,משאבי אנוש,איסוף מודיעין,5,3,תואר ראשון קרימינולוגיה,תואר שני שיווק,"עברית, אנגלית",שירות לקוחות,"תקשורת ארגונית, Python מתקדם",רכזת רווחה,עובד,https://easydrawingguides.com/wp-content/uploads/2022/12/how-to-draw-an-easy-lisa-simpson-drawing-featured-image-1200.png
1221,דנה כהן,זכר,נשוי,33,2,ישראלית,ישראל,כן,לא,משאבי אנוש,"מנהל מש""א",6,2,תואר ראשון לוגיסטיקה,אין,"עברית, אנגלית",קורס ניהול ראיונות,"Java בסיסי, Cloud Architecture Expert",עורך תוכן,עובד,https://easydrawingguides.com/wp-content/uploads/2022/12/how-to-draw-an-easy-lisa-simpson-drawing-featured-image-1200.png
1222,יוסי לוי,זכר,נשואה,34,1,ישראלית,ישראל,כן,לא,טכנולוגיה,מנהל תוכן,6,2,תואר ראשון תקשורת,אין,"עברית, אנגלית",קורס ניהול ראיונות,"יסודות אבטחת מידע, תקשורת בין־אישית מתקדמת",סייר בטחון,מנהל,https://easydrawingguides.com/wp-content/uploads/2022/12/how-to-draw-an-easy-lisa-simpson-drawing-featured-image-1200.png
1223,מיכל פרידמן,נקבה,נשוי,36,0,ישראלית,ישראל,כן,כן,משאבי אנוש,רכז אבטחת מידע,8,3,תואר ראשון לוגיסטיקה,תואר שני למידה,"עברית, אנגלית, רוסית",ניהול סיכונים,"Agile Foundations, Python מתקדם",סייר בטחון,מנהל,https://easydrawingguides.com/wp-content/uploads/2022/12/how-to-draw-an-easy-lisa-simpson-drawing-featured-image-1200.png
1225,שרית רוזן,נקבה,נשוי,34,3,ישראלית,ישראל,כן,לא,סייבר,רכז אבטחת מידע,3,6,תואר ראשון מערכות מידע,אין,"עברית, אנגלית, רוסית",אקסל,"Java בסיסי, Python מתקדם",עוזרת לוגיסטית,עובד,https://easydrawingguides.com/wp-content/uploads/2022/12/how-to-draw-an-easy-lisa-simpson-drawing-featured-image-1200.png
1229,שירה אברמוב,זכר,נשואה,36,2,ישראלית,ישראל,כן,כן,טכנולוגיה,מנהל פרויקטים,4,6,תואר ראשון מנהל עסקים,תואר שני הנדסת תוכנה,"עברית, אנגלית",איסוף,"תקשורת ארגונית, ניהול פרויקטים מתקדם",מדריכת קורסים,מנהל,https://easydrawingguides.com/wp-content/uploads/2022/12/how-to-draw-an-easy-lisa-simpson-drawing-featured-image-1200.png
1230,אורי גולן,זכר,נשואה,38,2,ישראלית,ישראל,כן,כן,סייבר,רכזת גיוס,6,3,תואר ראשון מנהל עסקים,אין,"עברית, אנגלית, צרפתית",Full-Stack,"תקשורת ארגונית, ניהול פרויקטים מתקדם",אנליסט פיננסי,עובד,https://easydrawingguides.com/wp-content/uploads/2022/12/how-to-draw-an-easy-lisa-simpson-drawing-featured-image-1200.png
1234,אורן שטרית,נקבה,נשואה,30,2,ישראלית,ישראל,כן,לא,כספים,מפתח Backend,4,5,תואר ראשון בחינוך,אין,"עברית, אנגלית",שרשרת אספקה,"Java בסיסי, Python מתקדם",מנהל דיגיטל,מנהל,https://easydrawingguides.com/wp-content/uploads/2022/12/how-to-draw-an-easy-lisa-simpson-drawing-featured-image-1200.png
1235,סיון ברק,זכר,נשואה,40,3,ישראלית,ישראל,כן,לא,מודיעין,נציג שירות,5,2,תואר ראשון בחינוך,אין,"עברית, אנגלית",איסוף,"Agile Foundations, ניהול פרויקטים מתקדם",עורך תוכן,מנהל,https://easydrawingguides.com/wp-content/uploads/2022/12/how-to-draw-an-easy-lisa-simpson-drawing-featured-image-1200.png
1239,שני רוזן,נקבה,גרושה,25,2,ישראלית,ישראל,כן,כן,לוגיסטיקה,מנהל רכש,2,2,תואר ראשון מנהל עסקים,אין,"עברית, אנגלית",אקסל,"Agile Foundations, ניהול פרויקטים מתקדם",מדריכת קורסים,עובד,https://easydrawingguides.com/wp-content/uploads/2022/12/how-to-draw-an-easy-lisa-simpson-drawing-featured-image-1200.png
1243,דוד לוי,נקבה,רווקה,31,2,ישראלית,צרפת,לא,לא,משאבי אנוש,אנליסטית כספים,3,1,תואר ראשון ביחסים בינלאומיים,תואר שני הנדסת תוכנה,"עברית, אנגלית, רוסית",שרשרת אספקה,"יסודות אבטחת מידע, Java למתקדמים",CISO Team,עובד,https://easydrawingguides.com/wp-content/uploads/2022/12/how-to-draw-an-easy-lisa-simpson-drawing-featured-image-1200.png
1249,נועה פרץ,זכר,נשואה,26,0,ישראלית,ישראל,כן,לא,טכנולוגיה,נציג שירות,6,2,תואר ראשון במדעי המחשב,אין,"עברית, אנגלית",Full-Stack,"יסודות אבטחת מידע, תקשורת בין־אישית מתקדמת",סייר בטחון,עובד,https://easydrawingguides.com/wp-content/uploads/2022/12/how-to-draw-an-easy-lisa-simpson-drawing-featured-image-1200.png
1250,אורן שקד,נקבה,נשואה,31,0,ישראלית,ישראל,כן,לא,משאבי אנוש,מפתח Full Stack,3,2,תואר ראשון ביחסים בינלאומיים,אין,"עברית, אנגלית",ניהול פרויקטים,"Agile Foundations, Python מתקדם",CISO Team,עובד,https://easydrawingguides.com/wp-content/uploads/2022/12/how-to-draw-an-easy-lisa-simpson-drawing-featured-image-1200.png
1251,מאיה כהן,זכר,נשוי,35,0,ישראלית,רוסיה,כן,לא,לוגיסטיקה,מנהלת רווחה,1,3,תואר ראשון מערכות מידע,אין,"עברית, אנגלית",שרשרת אספקה,"יסודות אבטחת מידע, Excel מקצועי – שלב 3",CISO Team,עובד,https://easydrawingguides.com/wp-content/uploads/2022/12/how-to-draw-an-easy-lisa-simpson-drawing-featured-image-1200.png
1252,אורי לוי,זכר,רווקה,34,0,ישראלית,ישראל,כן,לא,מודיעין,מנהל רכש,5,4,תואר ראשון לוגיסטיקה,אין,"עברית, אנגלית",Storyline,"יסודות אבטחת מידע, Java למתקדמים",Helpdesk,מנהל,https://easydrawingguides.com/wp-content/uploads/2022/12/how-to-draw-an-easy-lisa-simpson-drawing-featured-image-1200.png
1258,אורי רוזן,זכר,גרושה,41,0,ישראלית,ישראל,כן,לא,סייבר,מתאמת לוגיסטיקה,4,2,תואר ראשון מערכות מידע,אין,"עברית, אנגלית",אקסל,"יסודות אבטחת מידע, Java למתקדמים",מפתח Backend,מנהל,https://easydrawingguides.com/wp-content/uploads/2022/12/how-to-draw-an-easy-lisa-simpson-drawing-featured-image-1200.png
1270,עומר ברק,נקבה,גרושה,36,0,ישראלית,ישראל,לא,כן,סייבר,אנליסטית כספים,3,3,תואר ראשון לוגיסטיקה,אין,"עברית, אנגלית",ניהול פרויקטים,"SQL בסיסי, תקשורת בין־אישית מתקדמת",מנהל דיגיטל,מנהל,https://easydrawingguides.com/wp-content/uploads/2022/12/how-to-draw-an-easy-lisa-simpson-drawing-featured-image-1200.png
1274,אורית שמיר,נקבה,גרוש,26,0,ישראלית,ישראל,כן,כן,טכנולוגיה,מנהלת רווחה,4,1,תואר ראשון מערכות מידע,תואר שני הנדסת תוכנה,"עברית, אנגלית",ניתוח מודיעיני,"תקשורת ארגונית, Python מתקדם",מדריכת קורסים,עובד,https://easydrawingguides.com/wp-content/uploads/2022/12/how-to-draw-an-easy-lisa-simpson-drawing-featured-image-1200.png
1275,איתי ברק,זכר,נשואה,40,2,ישראלית,רוסיה,כן,לא,טכנולוגיה,"מנהל מש""א",4,3,תואר ראשון תקשורת,אין,"עברית, אנגלית","מש""א","SQL בסיסי, תקשורת בין־אישית מתקדמת",רכזת רווחה,עובד,https://easydrawingguides.com/wp-content/uploads/2022/12/how-to-draw-an-easy-lisa-simpson-drawing-featured-image-1200.png
1279,רונית שמש,נקבה,נשוי,29,2,ישראלית,ישראל,כן,לא,כספים,אחראית פרט ורווחה,9,5,תואר ראשון כלכלה,אין,"עברית, אנגלית",אקסל,"יסודות אבטחת מידע, Java למתקדמים",אנליסטית,מנהל,https://easydrawingguides.com/wp-content/uploads/2022/12/how-to-draw-an-easy-lisa-simpson-drawing-featured-image-1200.png
1290,יוסי רוזן,נקבה,רווקה,38,0,ישראלית,ישראל,כן,לא,לוגיסטיקה,מפתח Full Stack,9,6,תואר ראשון במדעי המחשב,אין,"עברית, אנגלית",שירות לקוחות,"יסודות אבטחת מידע, תקשורת בין־אישית מתקדמת",סייר בטחון,מנהל,https://easydrawingguides.com/wp-content/uploads/2022/12/how-to-draw-an-easy-lisa-simpson-drawing-featured-image-1200.png
1297,שירה לוי,נקבה,רווק,41,0,ישראלית,אוקראינה,כן,כן,טכנולוגיה,מתאמת לוגיסטיקה,9,1,תואר ראשון תקשורת,אין,"עברית, אנגלית",רווחה,"יסודות אבטחת מידע, תקשורת בין־אישית מתקדמת",מנתחת מערכות,עובד,https://easydrawingguides.com/wp-content/uploads/2022/12/how-to-draw-an-easy-lisa-simpson-drawing-featured-image-1200.png
1298,מאיה פרידמן,זכר,נשוי,24,2,ישראלית,ישראל,כן,כן,סייבר,איסוף מודיעין,2,1,תואר ראשון לוגיסטיקה,תואר שני מנהל עסקים,"עברית, אנגלית",איסוף,"יסודות אבטחת מידע, ניהול פרויקטים מתקדם",עורך תוכן,מנהל,https://easydrawingguides.com/wp-content/uploads/2022/12/how-to-draw-an-easy-lisa-simpson-drawing-featured-image-1200.png
1309,טל ברק,זכר,רווק,38,2,ישראלית,ארגנטינה,כן,כן,משאבי אנוש,חוקר אירועי סייבר,2,3,תואר ראשון ביחסים בינלאומיים,אין,"עברית, אנגלית",ניתוח מודיעיני,"יסודות אבטחת מידע, ניהול פרויקטים מתקדם",עורך תוכן,עובד,https://easydrawingguides.com/wp-content/uploads/2022/12/how-to-draw-an-easy-lisa-simpson-drawing-featured-image-1200.png
1310,עדי רוזן,נקבה,רווקה,38,0,ישראלית,ישראל,כן,כן,מודיעין,מתאמת לוגיסטיקה,7,3,תואר ראשון מדעי המדינה,אין,"עברית, רוסית, אנגלית",ניהול סיכונים,"יסודות אבטחת מידע, ניהול פרויקטים מתקדם",מדריכת הדרכה,עובד,https://easydrawingguides.com/wp-content/uploads/2022/12/how-to-draw-an-easy-lisa-simpson-drawing-featured-image-1200.png
1313,רוני אברהם,זכר,רווקה,29,0,ישראלית,ישראל,כן,לא,משאבי אנוש,רכזת מלאי,7,6,תואר ראשון מערכות מידע,אין,"עברית, אנגלית",שרשרת אספקה,"יסודות אבטחת מידע, תקשורת בין־אישית מתקדמת",מהנדס תוכנה,עובד,https://easydrawingguides.com/wp-content/uploads/2022/12/how-to-draw-an-easy-lisa-simpson-drawing-featured-image-1200.png
1315,דניאל רוזנברג,נקבה,רווקה,37,0,ישראלית,ישראל,כן,כן,לוגיסטיקה,רכז אבטחת מידע,3,6,תואר ראשון קרימינולוגיה,תואר שני מנהל עסקים,"עברית, אנגלית",Inventory,"יסודות אבטחת מידע, ניהול פרויקטים מתקדם",SOC Analyst,עובד,https://easydrawingguides.com/wp-content/uploads/2022/12/how-to-draw-an-easy-lisa-simpson-drawing-featured-image-1200.png
1318,דניאל רבינוביץ',זכר,נשוי,37,2,ישראלית,ישראל,לא,לא,טכנולוגיה,רכזת מלאי,5,6,תואר ראשון מנהל עסקים,אין,"עברית, רוסית, אנגלית",IR,"SQL בסיסי, Cyber Defense Expert",מדריכת קורסים,עובד,https://easydrawingguides.com/wp-content/uploads/2022/12/how-to-draw-an-easy-lisa-simpson-drawing-featured-image-1200.png
1319,שני גולדשטיין,זכר,גרוש,25,2,ישראלית,ישראל,כן,לא,משאבי אנוש,מנהלת רווחה,6,4,תואר ראשון מנהל עסקים,אין,"עברית, אנגלית",Storyline,"Python יסודות, תקשורת בין־אישית מתקדמת",Helpdesk,עובד,https://easydrawingguides.com/wp-content/uploads/2022/12/how-to-draw-an-easy-lisa-simpson-drawing-featured-image-1200.png
1323,אבי פרידמן,זכר,גרוש,35,2,ישראלית,ישראל,לא,כן,משאבי אנוש,אחראית פרט ורווחה,2,2,תואר ראשון מנהל עסקים,אין,"עברית, אנגלית",אקסל,"יסודות אבטחת מידע, Data Analysis Pro",אנליסט פיננסי,מנהל,https://easydrawingguides.com/wp-content/uploads/2022/12/how-to-draw-an-easy-lisa-simpson-drawing-featured-image-1200.png
1324,מיה שטרן,זכר,גרוש,37,0,ישראלית,ישראל,כן,לא,טכנולוגיה,מנהלת רווחה,9,1,תואר ראשון לוגיסטיקה,תואר שני שיווק,"עברית, אנגלית",חשבות שכר,"SQL בסיסי, Cyber Defense Expert",עוזרת לוגיסטית,עובד,https://easydrawingguides.com/wp-content/uploads/2022/12/how-to-draw-an-easy-lisa-simpson-drawing-featured-image-1200.png
1331,אור כהן,זכר,נשואה,38,3,ישראלית,ישראל,לא,לא,מודיעין,"מנהל מש""א",3,4,תואר ראשון מדעי המדינה,אין,"עברית, אנגלית, צרפתית",קורס ניהול ראיונות,"Agile Foundations, Python מתקדם",מהנדס תוכנה,מנהל,https://easydrawingguides.com/wp-content/uploads/2022/12/how-to-draw-an-easy-lisa-simpson-drawing-featured-image-1200.png
1335,יוסי גולן,זכר,גרוש,34,0,ישראלית,ישראל,כן,לא,לוגיסטיקה,מפתח Full Stack,9,2,תואר ראשון לוגיסטיקה,אין,"עברית, אנגלית",ניהול סיכונים,"יסודות אבטחת מידע, ניהול פרויקטים מתקדם",מהנדס תוכנה,עובד,https://easydrawingguides.com/wp-content/uploads/2022/12/how-to-draw-an-easy-lisa-simpson-drawing-featured-image-1200.png
1340,עומר שטרן,נקבה,נשוי,38,1,ישראלית,ישראל,כן,כן,משאבי אנוש,רכזת מלאי,3,2,תואר ראשון מדעי המחשב,אין,"עברית, אנגלית",אקסל,"תקשורת ארגונית, Python מתקדם",מהנדס תוכנה,עובד,https://easydrawingguides.com/wp-content/uploads/2022/12/how-to-draw-an-easy-lisa-simpson-drawing-featured-image-1200.png
1341,עדי כהן,זכר,נשואה,31,3,ישראלית,אוקראינה,כן,לא,סייבר,רכזת מלאי,4,4,תואר ראשון בחינוך,אין,"עברית, אנגלית",Inventory,"יסודות אבטחת מידע, Java למתקדמים",מהנדס תוכנה,עובד,https://easydrawingguides.com/wp-content/uploads/2022/12/how-to-draw-an-easy-lisa-simpson-drawing-featured-image-1200.png
1348,אורן משיח,נקבה,גרוש,33,1,ישראלית,אוקראינה,כן,כן,משאבי אנוש,מפתח Full Stack,1,2,תואר ראשון פסיכולוגיה,אין,"עברית, אנגלית",שירות לקוחות,"תקשורת ארגונית, Cloud Architecture Expert",Helpdesk,עובד,https://easydrawingguides.com/wp-content/uploads/2022/12/how-to-draw-an-easy-lisa-simpson-drawing-featured-image-1200.png
1354,שירה רוזן,זכר,נשוי,34,2,ישראלית,צרפת,לא,לא,משאבי אנוש,מנהל תוכן,4,5,תואר ראשון מערכות מידע,אין,"עברית, אנגלית","מש""א","תקשורת ארגונית, Cloud Architecture Expert",Helpdesk,עובד,https://easydrawingguides.com/wp-content/uploads/2022/12/how-to-draw-an-easy-lisa-simpson-drawing-featured-image-1200.png
1360,דניאל שטרית,זכר,נשואה,40,2,ישראלית,ישראל,כן,לא,לוגיסטיקה,אנליסטית סייבר,7,1,תואר ראשון תקשורת,אין,"עברית, אנגלית",חשבות שכר,"תקשורת ארגונית, Cloud Architecture Expert",רפרנטית HR,עובד,https://easydrawingguides.com/wp-content/uploads/2022/12/how-to-draw-an-easy-lisa-simpson-drawing-featured-image-1200.png
1365,אורי שטרן,זכר,גרוש,36,3,ישראלית,ישראל,לא,לא,משאבי אנוש,מנהל תוכן,3,2,תואר ראשון מדעי המחשב,אין,"עברית, אנגלית",Agile,"תקשורת ארגונית, Python מתקדם",רכזת רווחה,עובד,https://easydrawingguides.com/wp-content/uploads/2022/12/how-to-draw-an-easy-lisa-simpson-drawing-featured-image-1200.png
1369,נועה גולדשטיין,נקבה,נשואה,34,3,ישראלית,ישראל,כן,לא,טכנולוגיה,רכז אבטחת מידע,4,2,תואר ראשון מערכות מידע,אין,"עברית, אנגלית",חשבות שכר,"Excel בסיסי, Data Analysis Pro",CISO Team,מנהל,https://easydrawingguides.com/wp-content/uploads/2022/12/how-to-draw-an-easy-lisa-simpson-drawing-featured-image-1200.png
1373,אורי רוזנברג,נקבה,רווק,29,1,ישראלית,ארגנטינה,כן,לא,טכנולוגיה,מנהל תוכן,3,4,תואר ראשון לוגיסטיקה,אין,"עברית, רוסית, אנגלית",Agile,"תקשורת ארגונית, Python מתקדם",Helpdesk,מנהל,https://easydrawingguides.com/wp-content/uploads/2022/12/how-to-draw-an-easy-lisa-simpson-drawing-featured-image-1200.png
1375,דניאל שמשון,נקבה,נשוי,37,0,ישראלית,ישראל,כן,לא,משאבי אנוש,אנליסטית מודיעין,10,2,תואר ראשון חינוך,אין,"עברית, אנגלית",Full-Stack,"יסודות אבטחת מידע, Data Analysis Pro",מתאמת תפעול,עובד,https://easydrawingguides.com/wp-content/uploads/2022/12/how-to-draw-an-easy-lisa-simpson-drawing-featured-image-1200.png
1383,יוסי רבינוביץ,זכר,נשוי,33,2,ישראלית,רוסיה,כן,לא,לוגיסטיקה,נציג שירות,4,2,תואר ראשון פסיכולוגיה,תואר שני למידה,"עברית, אנגלית, ספרדית",ניהול אירועים,"תקשורת ארגונית, Cloud Architecture Expert",SOC Analyst,עובד,https://easydrawingguides.com/wp-content/uploads/2022/12/how-to-draw-an-easy-lisa-simpson-drawing-featured-image-1200.png
1404,מיה שטרית,זכר,רווק,36,1,ישראלית,ישראל,כן,לא,משאבי אנוש,מפתח Full Stack,5,3,תואר ראשון כלכלה,אין,"עברית, אנגלית",Storyline,"תקשורת ארגונית, Cloud Architecture Expert",CISO Team,עובד,https://easydrawingguides.com/wp-content/uploads/2022/12/how-to-draw-an-easy-lisa-simpson-drawing-featured-image-1200.png
1413,יוסי פרידמן,זכר,רווק,29,3,ישראלית,ישראל,כן,לא,טכנולוגיה,חוקר אירועי סייבר,5,1,תואר ראשון מדעי המחשב,אין,"עברית, אנגלית, רוסית",ניהול סיכונים,"SQL בסיסי, תקשורת בין־אישית מתקדמת",מהנדס תוכנה,עובד,https://easydrawingguides.com/wp-content/uploads/2022/12/how-to-draw-an-easy-lisa-simpson-drawing-featured-image-1200.png
1420,דוד ברק,זכר,גרושה,40,0,ישראלית,ארגנטינה,כן,לא,סייבר,אנליסטית סייבר,9,1,תואר ראשון מערכות מידע,אין,"עברית, אנגלית, צרפתית",Python,"יסודות אבטחת מידע, ניהול פרויקטים מתקדם",מנתחת מערכות,עובד,https://easydrawingguides.com/wp-content/uploads/2022/12/how-to-draw-an-easy-lisa-simpson-drawing-featured-image-1200.png
1424,תמר גולדברג,זכר,רווק,29,3,ישראלית,ישראל,כן,לא,סייבר,מפתח Backend,6,2,תואר ראשון כלכלה,אין,"עברית, אנגלית",רווחה,"SQL בסיסי, תקשורת בין־אישית מתקדמת",CISO Team,עובד,https://easydrawingguides.com/wp-content/uploads/2022/12/how-to-draw-an-easy-lisa-simpson-drawing-featured-image-1200.png
1439,רוני שטרית,נקבה,נשוי,34,2,ישראלית,ישראל,כן,כן,סייבר,רכז אבטחת מידע,4,1,תואר ראשון כלכלה,אין,"עברית, אנגלית",ניתוח מודיעיני,"Agile Foundations, ניהול פרויקטים מתקדם",עורך תוכן,עובד,https://easydrawingguides.com/wp-content/uploads/2022/12/how-to-draw-an-easy-lisa-simpson-drawing-featured-image-1200.png
1440,אילן גולן,נקבה,רווקה,27,2,ישראלית,ישראל,כן,לא,מודיעין,חוקר אירועי סייבר,5,4,תואר ראשון כלכלה,אין,"עברית, אנגלית",קורס ניהול ראיונות,"Python יסודות, תקשורת בין־אישית מתקדמת",מהנדס תוכנה,מנהל,https://easydrawingguides.com/wp-content/uploads/2022/12/how-to-draw-an-easy-lisa-simpson-drawing-featured-image-1200.png
1444,שירה גולדשטין,זכר,נשוי,36,3,ישראלית,ישראל,כן,לא,טכנולוגיה,מנהל רכש,1,2,תואר ראשון מדעי המחשב,תואר שני שיווק,"עברית, אנגלית",רווחה,"תקשורת ארגונית, Cloud Architecture Expert",מנתחת מערכות,עובד,https://easydrawingguides.com/wp-content/uploads/2022/12/how-to-draw-an-easy-lisa-simpson-drawing-featured-image-1200.png
1446,אורי כהן,נקבה,רווק,33,2,ישראלית,רוסיה,כן,לא,לוגיסטיקה,מנהל תוכן,7,1,תואר ראשון פסיכולוגיה,אין,"עברית, אנגלית",שרשרת אספקה,"תקשורת ארגונית, Python מתקדם",רכזת מידע,עובד,https://easydrawingguides.com/wp-content/uploads/2022/12/how-to-draw-an-easy-lisa-simpson-drawing-featured-image-1200.png
1453,דנה רוזנברג,נקבה,נשוי,29,2,ישראלית,ישראל,כן,לא,טכנולוגיה,מפתח Backend,1,3,תואר ראשון תקשורת,אין,"עברית, אנגלית",ניתוח מודיעיני,"תקשורת ארגונית, ניהול פרויקטים מתקדם",רפרנטית HR,מנהל,https://easydrawingguides.com/wp-content/uploads/2022/12/how-to-draw-an-easy-lisa-simpson-drawing-featured-image-1200.png
1459,נועה שטרית,נקבה,גרוש,29,0,ישראלית,ישראל,לא,כן,סייבר,מנהל רכש,6,4,תואר ראשון לוגיסטיקה,אין,"עברית, אנגלית",שירות לקוחות,"יסודות אבטחת מידע, Data Analysis Pro",סייר בטחון,עובד,https://easydrawingguides.com/wp-content/uploads/2022/12/how-to-draw-an-easy-lisa-simpson-drawing-featured-image-1200.png
1477,אורן לוי,זכר,נשואה,25,0,ישראלית,רוסיה,לא,לא,טכנולוגיה,אחראית פרט ורווחה,5,2,תואר ראשון לוגיסטיקה,אין,"עברית, אנגלית",SOC L1,"SQL בסיסי, Cyber Defense Expert",מהנדס תוכנה,מנהל,https://easydrawingguides.com/wp-content/uploads/2022/12/how-to-draw-an-easy-lisa-simpson-drawing-featured-image-1200.png
1478,מאיה רוזן,נקבה,נשואה,37,0,ישראלית,ישראל,כן,לא,כספים,רכז אבטחת מידע,10,2,תואר ראשון מערכות מידע,אין,"עברית, אנגלית",SOC L1,"יסודות אבטחת מידע, ניהול פרויקטים מתקדם",מפתח Backend,עובד,https://easydrawingguides.com/wp-content/uploads/2022/12/how-to-draw-an-easy-lisa-simpson-drawing-featured-image-1200.png
1479,תמר שקד,זכר,רווקה,28,0,ישראלית,רוסיה,כן,לא,טכנולוגיה,מנהלת רווחה,2,3,תואר ראשון במדעי המחשב,אין,"עברית, אנגלית, ספרדית",IR,"Agile Foundations, ניהול פרויקטים מתקדם",מפתח Backend,עובד,https://easydrawingguides.com/wp-content/uploads/2022/12/how-to-draw-an-easy-lisa-simpson-drawing-featured-image-1200.png
1485,אלון ברק,זכר,רווקה,28,2,ישראלית,ישראל,כן,לא,לוגיסטיקה,מנהל תוכן,3,2,תואר ראשון מנהל עסקים,אין,"עברית, אנגלית",שירות לקוחות,"תקשורת ארגונית, Cloud Architecture Expert",רכזת מידע,עובד,https://easydrawingguides.com/wp-content/uploads/2022/12/how-to-draw-an-easy-lisa-simpson-drawing-featured-image-1200.png
1488,דני פרידמן,זכר,רווקה,32,0,ישראלית,ישראל,כן,לא,משאבי אנוש,חוקר אירועי סייבר,2,6,תואר ראשון תקשורת,אין,"עברית, אנגלית",אקסל,"יסודות אבטחת מידע, ניהול פרויקטים מתקדם",Helpdesk,עובד,https://easydrawingguides.com/wp-content/uploads/2022/12/how-to-draw-an-easy-lisa-simpson-drawing-featured-image-1200.png
1489,נועה שטרן,זכר,נשוי,29,0,ישראלית,ישראל,כן,לא,כספים,מפתח Backend,6,1,תואר ראשון מנהל עסקים,אין,"עברית, אנגלית",Agile,"יסודות אבטחת מידע, תקשורת בין־אישית מתקדמת",נציג טלפוני,מנהל,https://easydrawingguides.com/wp-content/uploads/2022/12/how-to-draw-an-easy-lisa-simpson-drawing-featured-image-1200.png
1495,דניאל אברהם,נקבה,נשוי,32,3,ישראלית,ישראל,כן,לא,סייבר,אנליסטית מודיעין,4,3,תואר ראשון מדעי המחשב,אין,"עברית, אנגלית",איסוף,"יסודות אבטחת מידע, Java למתקדמים",מנתחת מערכות,מנהל,https://easydrawingguides.com/wp-content/uploads/2022/12/how-to-draw-an-easy-lisa-simpson-drawing-featured-image-1200.png
1503,עידן ברק,זכר,נשוי,38,2,ישראלית,ישראל,לא,לא,משאבי אנוש,מנהלת רווחה,5,3,תואר ראשון כלכלה,אין,"עברית, אנגלית, רוסית",איסוף,"Java בסיסי, Cloud Architecture Expert",אנליסטית,עובד,https://easydrawingguides.com/wp-content/uploads/2022/12/how-to-draw-an-easy-lisa-simpson-drawing-featured-image-1200.png
1505,רועי שמש,נקבה,רווק,34,2,ישראלית,ישראל,לא,כן,טכנולוגיה,רכזת גיוס,6,2,תואר ראשון בחינוך,אין,"עברית, אנגלית",IR,"תקשורת ארגונית, Python מתקדם",אנליסט פיננסי,מנהל,https://easydrawingguides.com/wp-content/uploads/2022/12/how-to-draw-an-easy-lisa-simpson-drawing-featured-image-1200.png
1508,מאור רוזן,זכר,נשואה,34,2,ישראלית,ישראל,כן,כן,משאבי אנוש,מפתח Full Stack,9,2,תואר ראשון פסיכולוגיה,אין,"עברית, אנגלית",רווחה,"יסודות אבטחת מידע, ניהול פרויקטים מתקדם",מדריכת הדרכה,מנהל,https://easydrawingguides.com/wp-content/uploads/2022/12/how-to-draw-an-easy-lisa-simpson-drawing-featured-image-1200.png
1509,עדי שמיר,נקבה,רווק,29,0,ישראלית,ישראל,כן,לא,טכנולוגיה,מפתח Full Stack,8,4,תואר ראשון חינוך,אין,"עברית, אנגלית",קורס ניהול ראיונות,"יסודות אבטחת מידע, Data Analysis Pro",מהנדס תוכנה,עובד,https://easydrawingguides.com/wp-content/uploads/2022/12/how-to-draw-an-easy-lisa-simpson-drawing-featured-image-1200.png
1514,נופר דוד,נקבה,נשוי,34,0,ישראלית,ישראל,כן,לא,סייבר,מפתח Full Stack,10,2,תואר ראשון תקשורת,אין,"עברית, אנגלית",IR,"יסודות אבטחת מידע, Java למתקדמים",רפרנטית HR,עובד,https://easydrawingguides.com/wp-content/uploads/2022/12/how-to-draw-an-easy-lisa-simpson-drawing-featured-image-1200.png
1520,אבי ברק,זכר,נשוי,38,3,ישראלית,ישראל,כן,לא,טכנולוגיה,מפתח Backend,7,1,תואר ראשון לוגיסטיקה,אין,"עברית, אנגלית","מש""א","יסודות אבטחת מידע, ניהול פרויקטים מתקדם",רכזת מידע,עובד,https://easydrawingguides.com/wp-content/uploads/2022/12/how-to-draw-an-easy-lisa-simpson-drawing-featured-image-1200.png
1523,אורי רבינוביץ,זכר,רווק,32,2,ישראלית,ישראל,כן,לא,לוגיסטיקה,מפתח Full Stack,6,3,תואר ראשון כלכלה,אין,"עברית, אנגלית",חשבות שכר,"Agile Foundations, Python מתקדם",רכזת מידע,עובד,https://easydrawingguides.com/wp-content/uploads/2022/12/how-to-draw-an-easy-lisa-simpson-drawing-featured-image-1200.png
1524,טל שטרן,נקבה,נשוי,36,1,ישראלית,ארגנטינה,כן,כן,טכנולוגיה,"מנהל מש""א",8,4,תואר ראשון תקשורת,אין,"עברית, אנגלית",קורס ניהול ראיונות,"Java בסיסי, Python מתקדם",עוזרת לוגיסטית,עובד,https://easydrawingguides.com/wp-content/uploads/2022/12/how-to-draw-an-easy-lisa-simpson-drawing-featured-image-1200.png
1534,שירה גולדשטיין,זכר,נשוי,30,1,ישראלית,ישראל,כן,לא,משאבי אנוש,"מנהל מש""א",4,3,תואר ראשון מדעי המחשב,אין,"עברית, אנגלית",איסוף,"תקשורת ארגונית, Python מתקדם",מדריכת קורסים,עובד,https://easydrawingguides.com/wp-content/uploads/2022/12/how-to-draw-an-easy-lisa-simpson-drawing-featured-image-1200.png
1544,רונית שטרית,זכר,נשוי,27,0,ישראלית,ישראל,כן,לא,כספים,רכזת גיוס,8,1,תואר ראשון כלכלה,אין,"עברית, אנגלית, רוסית",שירות לקוחות,"Python יסודות, תקשורת בין־אישית מתקדמת",רפרנטית HR,עובד,https://easydrawingguides.com/wp-content/uploads/2022/12/how-to-draw-an-easy-lisa-simpson-drawing-featured-image-1200.png
1549,דנה פנחס,זכר,רווק,25,0,ישראלית,ישראל,לא,כן,טכנולוגיה,מתאמת לוגיסטיקה,7,3,תואר ראשון בחינוך,תואר שני הנדסת תוכנה,"עברית, אנגלית",שרשרת אספקה,"תקשורת ארגונית, Cloud Architecture Expert",מהנדס תוכנה,עובד,https://easydrawingguides.com/wp-content/uploads/2022/12/how-to-draw-an-easy-lisa-simpson-drawing-featured-image-1200.png
1555,אורן שניר,זכר,נשואה,37,0,ישראלית,ישראל,כן,לא,לוגיסטיקה,חוקר אירועי סייבר,7,2,תואר ראשון תקשורת,תואר שני למידה,"עברית, אנגלית",Python,"SQL בסיסי, תקשורת בין־אישית מתקדמת",CISO Team,עובד,https://easydrawingguides.com/wp-content/uploads/2022/12/how-to-draw-an-easy-lisa-simpson-drawing-featured-image-1200.png
1558,אורן פרידמן,זכר,נשוי,29,2,ישראלית,ישראל,כן,לא,מודיעין,רכז אבטחת מידע,3,2,תואר ראשון מדעי המחשב,אין,"עברית, אנגלית",Python,"תקשורת ארגונית, Python מתקדם",סייר בטחון,עובד,https://easydrawingguides.com/wp-content/uploads/2022/12/how-to-draw-an-easy-lisa-simpson-drawing-featured-image-1200.png
1560,יוסי גולדמן,זכר,רווק,24,1,ישראלית,ישראל,כן,לא,סייבר,איסוף מודיעין,4,3,תואר ראשון לוגיסטיקה,אין,"עברית, אנגלית",IR,"SQL בסיסי, Cyber Defense Expert",נציג טלפוני,עובד,https://easydrawingguides.com/wp-content/uploads/2022/12/how-to-draw-an-easy-lisa-simpson-drawing-featured-image-1200.png
1564,טל אברהם,נקבה,רווק,24,2,ישראלית,ישראל,כן,כן,מודיעין,מפתח Backend,2,1,תואר ראשון במשאבי אנוש,תואר שני שיווק,"עברית, אנגלית",IR,"Python יסודות, תקשורת בין־אישית מתקדמת",מדריכת הדרכה,מנהל,https://easydrawingguides.com/wp-content/uploads/2022/12/how-to-draw-an-easy-lisa-simpson-drawing-featured-image-1200.png
1565,שחר גולן,זכר,רווקה,30,2,ישראלית,ישראל,כן,לא,מודיעין,מנהל פרויקטים,9,4,תואר ראשון מערכות מידע,אין,"עברית, אנגלית",איסוף,"יסודות אבטחת מידע, ניהול פרויקטים מתקדם",רפרנטית HR,עובד,https://easydrawingguides.com/wp-content/uploads/2022/12/how-to-draw-an-easy-lisa-simpson-drawing-featured-image-1200.png
1579,דניאל שחם,נקבה,גרושה,32,1,ישראלית,ישראל,לא,לא,משאבי אנוש,מנהל רכש,5,6,תואר ראשון חינוך,אין,"עברית, אנגלית",Full-Stack,"יסודות אבטחת מידע, Data Analysis Pro",אנליסט פיננסי,עובד,https://easydrawingguides.com/wp-content/uploads/2022/12/how-to-draw-an-easy-lisa-simpson-drawing-featured-image-1200.png
1581,עידן כהן,זכר,נשואה,26,2,ישראלית,ישראל,כן,לא,מודיעין,איסוף מודיעין,9,1,תואר ראשון במדעי המחשב,אין,"עברית, אנגלית",ניהול אירועים,"Java בסיסי, Cloud Architecture Expert",אנליסטית,עובד,https://easydrawingguides.com/wp-content/uploads/2022/12/how-to-draw-an-easy-lisa-simpson-drawing-featured-image-1200.png
1582,אורית לוי,זכר,רווקה,39,2,ישראלית,ישראל,כן,כן,סייבר,מתאמת לוגיסטיקה,1,3,תואר ראשון במדעי המחשב,אין,"עברית, אנגלית",IR,"יסודות אבטחת מידע, ניהול פרויקטים מתקדם",איסוף שטח,עובד,https://easydrawingguides.com/wp-content/uploads/2022/12/how-to-draw-an-easy-lisa-simpson-drawing-featured-image-1200.png
1583,מאיה רז,נקבה,רווקה,24,0,ישראלית,ישראל,כן,כן,כספים,נציג שירות,6,2,תואר ראשון במשאבי אנוש,אין,"עברית, אנגלית",IR,"יסודות אבטחת מידע, Data Analysis Pro",נציג טלפוני,עובד,https://easydrawingguides.com/wp-content/uploads/2022/12/how-to-draw-an-easy-lisa-simpson-drawing-featured-image-1200.png
1584,תמיר שמעוני,זכר,נשואה,41,0,ישראלית,ישראל,כן,לא,מודיעין,מפתח Full Stack,5,3,תואר ראשון מנהל עסקים,אין,"עברית, אנגלית, ספרדית",Storyline,"יסודות אבטחת מידע, ניהול פרויקטים מתקדם",מנהל דיגיטל,עובד,https://easydrawingguides.com/wp-content/uploads/2022/12/how-to-draw-an-easy-lisa-simpson-drawing-featured-image-1200.png
1614,שרון מאור,זכר,נשוי,31,0,ישראלית,צרפת,כן,לא,מודיעין,מנהל חשבונות,8,3,תואר ראשון תקשורת,אין,"עברית, אנגלית",SOC L1,"תקשורת ארגונית, ניהול פרויקטים מתקדם",אנליסטית,עובד,https://easydrawingguides.com/wp-content/uploads/2022/12/how-to-draw-an-easy-lisa-simpson-drawing-featured-image-1200.png
1625,יוסי גולדשטיין,נקבה,רווק,26,0,ישראלית,ישראל,כן,לא,סייבר,"מנהל מש""א",10,2,תואר ראשון בחינוך,אין,"עברית, אנגלית",חשבות שכר,"Excel בסיסי, Data Analysis Pro",מדריכת הדרכה,עובד,https://easydrawingguides.com/wp-content/uploads/2022/12/how-to-draw-an-easy-lisa-simpson-drawing-featured-image-1200.png
1639,שרה מאור,זכר,גרושה,36,2,ישראלית,אוקראינה,כן,כן,לוגיסטיקה,מפתח Backend,4,4,תואר ראשון קרימינולוגיה,אין,"עברית, אנגלית",ניהול פרויקטים,"SQL בסיסי, Cyber Defense Expert",רכזת רווחה,עובד,https://easydrawingguides.com/wp-content/uploads/2022/12/how-to-draw-an-easy-lisa-simpson-drawing-featured-image-1200.png
1650,דניאל שושן,נקבה,נשוי,39,2,ישראלית,ישראל,כן,לא,משאבי אנוש,מנהל רכש,6,3,תואר ראשון לוגיסטיקה,אין,"עברית, אנגלית",איסוף,"Excel בסיסי, Data Analysis Pro",CISO Team,עובד,https://easydrawingguides.com/wp-content/uploads/2022/12/how-to-draw-an-easy-lisa-simpson-drawing-featured-image-1200.png
1654,רוני שמיר,נקבה,נשואה,31,1,ישראלית,ישראל,לא,לא,לוגיסטיקה,מפתח Full Stack,9,6,תואר ראשון קרימינולוגיה,אין,"עברית, אנגלית, ספרדית",Storyline,"Excel בסיסי, Data Analysis Pro",מתאמת תפעול,עובד,https://easydrawingguides.com/wp-content/uploads/2022/12/how-to-draw-an-easy-lisa-simpson-drawing-featured-image-1200.png
1659,שרה אברהם,זכר,רווקה,35,0,ישראלית,ישראל,כן,לא,מודיעין,מנהל חשבונות,4,3,תואר ראשון במדעי המחשב,תואר שני מנהל עסקים,"עברית, אנגלית, רוסית",SOC L1,"Python יסודות, תקשורת בין־אישית מתקדמת",מנהל דיגיטל,עובד,https://easydrawingguides.com/wp-content/uploads/2022/12/how-to-draw-an-easy-lisa-simpson-drawing-featured-image-1200.png
1660,יוסי שמיר,נקבה,רווק,29,3,ישראלית,ארגנטינה,כן,לא,טכנולוגיה,מנהל חשבונות,10,1,תואר ראשון מדעי המחשב,תואר שני מנהל עסקים,"עברית, אנגלית",Inventory,"תקשורת ארגונית, Cloud Architecture Expert",SOC Analyst,מנהל,https://easydrawingguides.com/wp-content/uploads/2022/12/how-to-draw-an-easy-lisa-simpson-drawing-featured-image-1200.png
1664,עינת ברק,זכר,נשואה,37,2,ישראלית,ישראל,כן,כן,משאבי אנוש,רכזת מלאי,3,2,תואר ראשון במדעי המחשב,אין,"עברית, אנגלית",חשבות שכר,"SQL בסיסי, Cyber Defense Expert",מנתחת מערכות,עובד,https://easydrawingguides.com/wp-content/uploads/2022/12/how-to-draw-an-easy-lisa-simpson-drawing-featured-image-1200.png
1665,רועי גולן,זכר,רווק,38,2,ישראלית,ישראל,כן,לא,טכנולוגיה,מפתח Backend,5,4,תואר ראשון מדעי המחשב,אין,"עברית, אנגלית",ניהול אירועים,"יסודות אבטחת מידע, Excel מקצועי – שלב 3",רכזת מידע,מנהל,https://easydrawingguides.com/wp-content/uploads/2022/12/how-to-draw-an-easy-lisa-simpson-drawing-featured-image-1200.png
1669,שירה משיח,זכר,נשוי,39,1,ישראלית,ישראל,כן,לא,מודיעין,רכזת גיוס,2,3,תואר ראשון ביחסים בינלאומיים,אין,"עברית, אנגלית",SOC L1,"SQL בסיסי, תקשורת בין־אישית מתקדמת",נציג טלפוני,מנהל,https://easydrawingguides.com/wp-content/uploads/2022/12/how-to-draw-an-easy-lisa-simpson-drawing-featured-image-1200.png
1674,שחר ברק,זכר,נשוי,24,2,ישראלית,רוסיה,כן,לא,לוגיסטיקה,מפתח Full Stack,5,1,תואר ראשון כלכלה,אין,"עברית, אנגלית, רוסית",רווחה,"SQL בסיסי, Cyber Defense Expert",מתאמת תפעול,עובד,https://easydrawingguides.com/wp-content/uploads/2022/12/how-to-draw-an-easy-lisa-simpson-drawing-featured-image-1200.png
1675,יוסי שמש,נקבה,רווק,25,0,ישראלית,צרפת,כן,לא,משאבי אנוש,אחראית פרט ורווחה,5,2,תואר ראשון פסיכולוגיה,אין,"עברית, אנגלית",איסוף,"Agile Foundations, Python מתקדם",מדריכת קורסים,עובד,https://easydrawingguides.com/wp-content/uploads/2022/12/how-to-draw-an-easy-lisa-simpson-drawing-featured-image-1200.png
1680,דניאל גולדשטיין,נקבה,נשואה,32,1,ישראלית,ארגנטינה,כן,לא,משאבי אנוש,מנהלת רווחה,7,3,תואר ראשון חינוך,אין,"עברית, אנגלית",Full-Stack,"SQL בסיסי, תקשורת בין־אישית מתקדמת",עורך תוכן,עובד,https://easydrawingguides.com/wp-content/uploads/2022/12/how-to-draw-an-easy-lisa-simpson-drawing-featured-image-1200.png
1684,שירה דנון,נקבה,רווקה,30,2,ישראלית,ישראל,כן,לא,משאבי אנוש,מפתח Backend,5,2,תואר ראשון מדעי המדינה,אין,"עברית, אנגלית",ניתוח מודיעיני,"תקשורת ארגונית, ניהול פרויקטים מתקדם",מפתח Backend,עובד,https://easydrawingguides.com/wp-content/uploads/2022/12/how-to-draw-an-easy-lisa-simpson-drawing-featured-image-1200.png
1685,אביב שמש,זכר,רווק,35,2,ישראלית,ישראל,כן,לא,משאבי אנוש,מפתח Full Stack,4,4,תואר ראשון קרימינולוגיה,תואר שני מנהל עסקים,"עברית, אנגלית",ניהול סיכונים,"יסודות אבטחת מידע, ניהול פרויקטים מתקדם",מהנדס תוכנה,עובד,https://easydrawingguides.com/wp-content/uploads/2022/12/how-to-draw-an-easy-lisa-simpson-drawing-featured-image-1200.png
1694,עינת שמיר,זכר,נשוי,28,0,ישראלית,ישראל,כן,לא,משאבי אנוש,אנליסטית סייבר,2,4,תואר ראשון לוגיסטיקה,תואר שני מנהל עסקים,"עברית, אנגלית, צרפתית",רווחה,"יסודות אבטחת מידע, ניהול פרויקטים מתקדם",אנליסט פיננסי,עובד,https://easydrawingguides.com/wp-content/uploads/2022/12/how-to-draw-an-easy-lisa-simpson-drawing-featured-image-1200.png
1695,רוני גולן,זכר,רווקה,24,0,ישראלית,ישראל,כן,לא,סייבר,"מנהל מש""א",6,1,תואר ראשון במדעי המחשב,אין,"עברית, אנגלית",SOC L1,"Agile Foundations, Python מתקדם",אנליסטית,מנהל,https://easydrawingguides.com/wp-content/uploads/2022/12/how-to-draw-an-easy-lisa-simpson-drawing-featured-image-1200.png
1699,שני פרידמן,זכר,גרוש,39,1,ישראלית,ישראל,כן,כן,משאבי אנוש,רכז אבטחת מידע,4,6,תואר ראשון במדעי המחשב,אין,"עברית, רוסית, אנגלית",Agile,"תקשורת ארגונית, ניהול פרויקטים מתקדם",עוזרת לוגיסטית,עובד,https://easydrawingguides.com/wp-content/uploads/2022/12/how-to-draw-an-easy-lisa-simpson-drawing-featured-image-1200.png
1700,איתי גולן,נקבה,נשואה,39,0,ישראלית,ישראל,כן,כן,טכנולוגיה,אנליסטית סייבר,7,5,תואר ראשון ביחסים בינלאומיים,אין,"עברית, אנגלית",ניהול סיכונים,"יסודות אבטחת מידע, Data Analysis Pro",SOC Analyst,עובד,https://easydrawingguides.com/wp-content/uploads/2022/12/how-to-draw-an-easy-lisa-simpson-drawing-featured-image-1200.png
1708,דניאל פז,נקבה,רווקה,33,0,ישראלית,אוקראינה,כן,לא,טכנולוגיה,אנליסטית סייבר,8,1,תואר ראשון כלכלה,אין,"עברית, אנגלית",SOC L1,"SQL בסיסי, תקשורת בין־אישית מתקדמת",אנליסט פיננסי,מנהל,https://easydrawingguides.com/wp-content/uploads/2022/12/how-to-draw-an-easy-lisa-simpson-drawing-featured-image-1200.png
1710,איתן רוזן,זכר,גרושה,34,0,ישראלית,ישראל,כן,כן,משאבי אנוש,רכז אבטחת מידע,10,1,תואר ראשון חינוך,אין,"עברית, אנגלית, ספרדית",ניהול אירועים,"Java בסיסי, Data Analysis Pro",נציג טלפוני,עובד,https://easydrawingguides.com/wp-content/uploads/2022/12/how-to-draw-an-easy-lisa-simpson-drawing-featured-image-1200.png
1717,מיה פרידמן,זכר,נשוי,36,2,ישראלית,ישראל,כן,לא,מודיעין,אחראית פרט ורווחה,4,2,תואר ראשון מדעי המחשב,אין,"עברית, אנגלית",שירות לקוחות,"Python יסודות, תקשורת בין־אישית מתקדמת",עוזרת לוגיסטית,מנהל,https://easydrawingguides.com/wp-content/uploads/2022/12/how-to-draw-an-easy-lisa-simpson-drawing-featured-image-1200.png
1722,מירי לוי,זכר,נשואה,38,0,ישראלית,ישראל,כן,לא,משאבי אנוש,מנהל פרויקטים,7,3,תואר ראשון בחינוך,אין,"עברית, אנגלית",ניהול סיכונים,"Python יסודות, תקשורת בין־אישית מתקדמת",רפרנטית HR,עובד,https://easydrawingguides.com/wp-content/uploads/2022/12/how-to-draw-an-easy-lisa-simpson-drawing-featured-image-1200.png
1724,דנה ברק,נקבה,רווק,35,2,ישראלית,רוסיה,כן,לא,כספים,נציג שירות,3,1,תואר ראשון בחינוך,אין,"עברית, אנגלית",Storyline,"יסודות אבטחת מידע, Data Analysis Pro",מדריכת קורסים,עובד,https://easydrawingguides.com/wp-content/uploads/2022/12/how-to-draw-an-easy-lisa-simpson-drawing-featured-image-1200.png
1725,עידן גולדשטין,נקבה,נשואה,27,2,ישראלית,ישראל,כן,כן,מודיעין,"מנהל מש""א",6,1,תואר ראשון תקשורת,אין,"עברית, אנגלית",אקסל,"יסודות אבטחת מידע, Excel מקצועי – שלב 3",עורך תוכן,מנהל,https://easydrawingguides.com/wp-content/uploads/2022/12/how-to-draw-an-easy-lisa-simpson-drawing-featured-image-1200.png
1730,דניאל משיח,נקבה,רווקה,34,0,ישראלית,ישראל,כן,לא,טכנולוגיה,רכזת גיוס,9,3,תואר ראשון כלכלה,אין,"עברית, אנגלית",Agile,"Excel בסיסי, Data Analysis Pro",מנתחת מערכות,עובד,https://easydrawingguides.com/wp-content/uploads/2022/12/how-to-draw-an-easy-lisa-simpson-drawing-featured-image-1200.png
1735,אורי שגב,נקבה,נשואה,35,1,ישראלית,ישראל,כן,לא,טכנולוגיה,מנהל פרויקטים,1,2,תואר ראשון מערכות מידע,אין,"עברית, אנגלית, ספרדית",ניתוח מודיעיני,"יסודות אבטחת מידע, Data Analysis Pro",מנהל דיגיטל,עובד,https://easydrawingguides.com/wp-content/uploads/2022/12/how-to-draw-an-easy-lisa-simpson-drawing-featured-image-1200.png
1738,דוד פרידמן,זכר,נשואה,24,2,ישראלית,צרפת,כן,כן,כספים,מפתח Full Stack,6,1,תואר ראשון כלכלה,אין,"עברית, אנגלית",שרשרת אספקה,"יסודות אבטחת מידע, ניהול פרויקטים מתקדם",רפרנטית HR,עובד,https://easydrawingguides.com/wp-content/uploads/2022/12/how-to-draw-an-easy-lisa-simpson-drawing-featured-image-1200.png
1739,שרה גולן,נקבה,רווק,34,0,ישראלית,רוסיה,כן,לא,מודיעין,אנליסטית סייבר,8,3,תואר ראשון מנהל עסקים,אין,"עברית, אנגלית",איסוף,"Java בסיסי, SQL למתקדמים",מתאמת תפעול,עובד,https://easydrawingguides.com/wp-content/uploads/2022/12/how-to-draw-an-easy-lisa-simpson-drawing-featured-image-1200.png
1750,שרית אברהם,נקבה,רווק,41,3,ישראלית,ישראל,כן,לא,מודיעין,מנהל פרויקטים,5,3,תואר ראשון מדעי המדינה,אין,"עברית, אנגלית",ניתוח מודיעיני,"Java בסיסי, Cloud Architecture Expert",CISO Team,עובד,https://easydrawingguides.com/wp-content/uploads/2022/12/how-to-draw-an-easy-lisa-simpson-drawing-featured-image-1200.png
1759,מיה רוזן,נקבה,נשוי,30,0,ישראלית,ישראל,כן,לא,סייבר,מנהל חשבונות,1,2,תואר ראשון מערכות מידע,תואר שני למידה,"עברית, אנגלית",Storyline,"Python יסודות, תקשורת בין־אישית מתקדמת",מתאמת תפעול,עובד,https://easydrawingguides.com/wp-content/uploads/2022/12/how-to-draw-an-easy-lisa-simpson-drawing-featured-image-1200.png
1760,אורי שקד,נקבה,גרושה,34,2,ישראלית,ישראל,כן,כן,משאבי אנוש,נציג שירות,2,2,תואר ראשון במדעי המחשב,אין,"עברית, אנגלית",איסוף,"יסודות אבטחת מידע, ניהול פרויקטים מתקדם",אנליסטית,עובד,https://easydrawingguides.com/wp-content/uploads/2022/12/how-to-draw-an-easy-lisa-simpson-drawing-featured-image-1200.png
1773,דוד פנחסי,נקבה,נשוי,41,3,ישראלית,רוסיה,כן,לא,לוגיסטיקה,מפתח Backend,10,4,תואר ראשון במדעי המחשב,אין,"עברית, אנגלית, רוסית","מש""א","Agile Foundations, Python מתקדם",סייר בטחון,עובד,https://easydrawingguides.com/wp-content/uploads/2022/12/how-to-draw-an-easy-lisa-simpson-drawing-featured-image-1200.png
1785,אורי מאור,נקבה,רווק,28,1,ישראלית,ישראל,כן,לא,טכנולוגיה,מנהל חשבונות,3,4,תואר ראשון לוגיסטיקה,אין,"עברית, אנגלית","מש""א","תקשורת ארגונית, Python מתקדם",מתאמת תפעול,מנהל,https://easydrawingguides.com/wp-content/uploads/2022/12/how-to-draw-an-easy-lisa-simpson-drawing-featured-image-1200.png
1799,שרה גולדשטיין,זכר,רווק,33,1,ישראלית,ישראל,כן,לא,כספים,מנהל חשבונות,4,2,תואר ראשון במדעי המחשב,תואר שני למידה,"עברית, אנגלית",שירות לקוחות,"Java בסיסי, SQL למתקדמים",אנליסטית,עובד,https://easydrawingguides.com/wp-content/uploads/2022/12/how-to-draw-an-easy-lisa-simpson-drawing-featured-image-1200.png
1800,איתן שמיר,זכר,גרושה,38,2,ישראלית,ישראל,כן,לא,משאבי אנוש,רכז אבטחת מידע,6,4,תואר ראשון מדעי המחשב,תואר שני שיווק,"עברית, אנגלית",Storyline,"SQL בסיסי, תקשורת בין־אישית מתקדמת",מדריכת קורסים,עובד,https://easydrawingguides.com/wp-content/uploads/2022/12/how-to-draw-an-easy-lisa-simpson-drawing-featured-image-1200.png
1804,שרית ברק,זכר,נשוי,40,0,ישראלית,ישראל,לא,לא,משאבי אנוש,מפתח Full Stack,3,2,תואר ראשון מדעי המחשב,אין,"עברית, אנגלית",קופי,"Agile Foundations, ניהול פרויקטים מתקדם",מפתח Backend,עובד,https://easydrawingguides.com/wp-content/uploads/2022/12/how-to-draw-an-easy-lisa-simpson-drawing-featured-image-1200.png
1817,רוני לוי,זכר,רווק,39,1,ישראלית,ישראל,כן,כן,לוגיסטיקה,מפתח Full Stack,2,1,תואר ראשון בחינוך,אין,"עברית, אנגלית, רוסית",שרשרת אספקה,"SQL בסיסי, Cyber Defense Expert",SOC Analyst,עובד,https://easydrawingguides.com/wp-content/uploads/2022/12/how-to-draw-an-easy-lisa-simpson-drawing-featured-image-1200.png
1819,דנה שטרן,נקבה,גרושה,27,0,ישראלית,ישראל,כן,כן,טכנולוגיה,רכזת מלאי,4,2,תואר ראשון מדעי המחשב,אין,"עברית, אנגלית","מש""א","Java בסיסי, SQL למתקדמים",נציג טלפוני,עובד,https://easydrawingguides.com/wp-content/uploads/2022/12/how-to-draw-an-easy-lisa-simpson-drawing-featured-image-1200.png
1824,עדי ברק,נקבה,נשואה,40,0,ישראלית,ישראל,כן,לא,טכנולוגיה,מנהל פרויקטים,7,3,תואר ראשון מדעי המדינה,אין,"עברית, אנגלית",Agile,"תקשורת ארגונית, ניהול פרויקטים מתקדם",אנליסטית,עובד,https://easydrawingguides.com/wp-content/uploads/2022/12/how-to-draw-an-easy-lisa-simpson-drawing-featured-image-1200.png
1826,אילן כהן,זכר,רווקה,31,0,ישראלית,ישראל,כן,לא,משאבי אנוש,מפתח Full Stack,5,2,תואר ראשון במשאבי אנוש,אין,"עברית, אנגלית",ניהול סיכונים,"SQL בסיסי, תקשורת בין־אישית מתקדמת",מדריכת קורסים,עובד,https://easydrawingguides.com/wp-content/uploads/2022/12/how-to-draw-an-easy-lisa-simpson-drawing-featured-image-1200.png
1840,איתי אברהם,נקבה,נשואה,24,0,ישראלית,ישראל,כן,כן,משאבי אנוש,מנהלת רווחה,5,6,תואר ראשון מדעי המדינה,אין,"עברית, אנגלית, צרפתית",חשבות שכר,"SQL בסיסי, Cyber Defense Expert",מהנדס תוכנה,עובד,https://easydrawingguides.com/wp-content/uploads/2022/12/how-to-draw-an-easy-lisa-simpson-drawing-featured-image-1200.png
1854,שני גולן,נקבה,נשואה,36,0,ישראלית,ישראל,לא,לא,סייבר,מתאמת לוגיסטיקה,5,2,תואר ראשון כלכלה,אין,"עברית, אנגלית",ניהול פרויקטים,"Python יסודות, תקשורת בין־אישית מתקדמת",מדריכת הדרכה,מנהל,https://easydrawingguides.com/wp-content/uploads/2022/12/how-to-draw-an-easy-lisa-simpson-drawing-featured-image-1200.png
1863,רועי ברק,נקבה,גרושה,34,1,ישראלית,ישראל,כן,לא,לוגיסטיקה,מנהלת רווחה,7,1,תואר ראשון מדעי המדינה,אין,"עברית, אנגלית",שירות לקוחות,"תקשורת ארגונית, ניהול פרויקטים מתקדם",עורך תוכן,עובד,https://easydrawingguides.com/wp-content/uploads/2022/12/how-to-draw-an-easy-lisa-simpson-drawing-featured-image-1200.png
1864,טל גבע,זכר,נשוי,24,2,ישראלית,ישראל,כן,לא,לוגיסטיקה,"מנהל מש""א",5,2,תואר ראשון לוגיסטיקה,תואר שני למידה,"עברית, אנגלית",קורס ניהול ראיונות,"Agile Foundations, ניהול פרויקטים מתקדם",איסוף שטח,מנהל,https://easydrawingguides.com/wp-content/uploads/2022/12/how-to-draw-an-easy-lisa-simpson-drawing-featured-image-1200.png
1898,אבי שמיר,זכר,רווקה,26,2,ישראלית,ישראל,כן,לא,כספים,מנהל תוכן,2,1,תואר ראשון מערכות מידע,אין,"עברית, אנגלית",Agile,"תקשורת ארגונית, Cloud Architecture Expert",מנתחת מערכות,עובד,https://easydrawingguides.com/wp-content/uploads/2022/12/how-to-draw-an-easy-lisa-simpson-drawing-featured-image-1200.png
1905,יוסי אברהם,נקבה,נשואה,28,0,ישראלית,ישראל,כן,לא,משאבי אנוש,נציג שירות,3,3,תואר ראשון מדעי המחשב,אין,"עברית, אנגלית","מש""א","Java בסיסי, Python מתקדם",מהנדס תוכנה,עובד,https://easydrawingguides.com/wp-content/uploads/2022/12/how-to-draw-an-easy-lisa-simpson-drawing-featured-image-1200.png
1914,טל שמעון,נקבה,גרוש,28,0,ישראלית,ישראל,כן,כן,משאבי אנוש,מנהלת רווחה,2,2,תואר ראשון חינוך,אין,"עברית, אנגלית",ניהול סיכונים,"יסודות אבטחת מידע, Java למתקדמים",רפרנטית HR,עובד,https://easydrawingguides.com/wp-content/uploads/2022/12/how-to-draw-an-easy-lisa-simpson-drawing-featured-image-1200.png
1918,יוסי פנחס,נקבה,נשוי,30,0,ישראלית,ישראל,כן,לא,טכנולוגיה,מפתח Full Stack,10,3,תואר ראשון במדעי המחשב,אין,"עברית, אנגלית",שרשרת אספקה,"Java בסיסי, SQL למתקדמים",רכזת רווחה,עובד,https://easydrawingguides.com/wp-content/uploads/2022/12/how-to-draw-an-easy-lisa-simpson-drawing-featured-image-1200.png
1925,תמיר שחר,נקבה,נשוי,27,0,ישראלית,ישראל,כן,כן,משאבי אנוש,רכזת מלאי,1,2,תואר ראשון מערכות מידע,אין,"עברית, אנגלית",שרשרת אספקה,"יסודות אבטחת מידע, Excel מקצועי – שלב 3",מנתחת מערכות,עובד,https://easydrawingguides.com/wp-content/uploads/2022/12/how-to-draw-an-easy-lisa-simpson-drawing-featured-image-1200.png
1933,דניאל לוי,נקבה,רווק,37,0,ישראלית,צרפת,כן,לא,כספים,מפתח Backend,9,5,תואר ראשון מערכות מידע,אין,"עברית, אנגלית, ספרדית","מש""א","Java בסיסי, Python מתקדם",מתאמת תפעול,עובד,https://easydrawingguides.com/wp-content/uploads/2022/12/how-to-draw-an-easy-lisa-simpson-drawing-featured-image-1200.png
1935,אור ברק,זכר,נשואה,26,2,ישראלית,ישראל,כן,כן,סייבר,מנהל חשבונות,4,2,תואר ראשון פסיכולוגיה,אין,"עברית, אנגלית",אקסל,"יסודות אבטחת מידע, Java למתקדמים",אנליסט פיננסי,עובד,https://easydrawingguides.com/wp-content/uploads/2022/12/how-to-draw-an-easy-lisa-simpson-drawing-featured-image-1200.png
1944,ליה שקד,נקבה,רווק,29,0,ישראלית,ישראל,כן,כן,משאבי אנוש,מנהל חשבונות,10,1,תואר ראשון קרימינולוגיה,תואר שני מנהל עסקים,"עברית, אנגלית","מש""א","תקשורת ארגונית, Python מתקדם",מדריכת קורסים,עובד,https://easydrawingguides.com/wp-content/uploads/2022/12/how-to-draw-an-easy-lisa-simpson-drawing-featured-image-1200.png
1954,אבי שמשון,נקבה,נשואה,38,0,ישראלית,ישראל,כן,לא,סייבר,נציג שירות,3,4,תואר ראשון פסיכולוגיה,אין,"עברית, אנגלית, ספרדית",חשבות שכר,"יסודות אבטחת מידע, Java למתקדמים",CISO Team,עובד,https://easydrawingguides.com/wp-content/uploads/2022/12/how-to-draw-an-easy-lisa-simpson-drawing-featured-image-1200.png
1960,אורן שחר,זכר,גרושה,37,2,ישראלית,ישראל,כן,כן,משאבי אנוש,רכזת גיוס,4,3,תואר ראשון במדעי המחשב,אין,"עברית, אנגלית",שרשרת אספקה,"Java בסיסי, Data Analysis Pro",מנהל דיגיטל,עובד,https://easydrawingguides.com/wp-content/uploads/2022/12/how-to-draw-an-easy-lisa-simpson-drawing-featured-image-1200.png
1964,דניאל גולדמן,זכר,רווקה,27,3,ישראלית,ארגנטינה,כן,לא,סייבר,אחראית פרט ורווחה,1,4,תואר ראשון במשאבי אנוש,אין,"עברית, אנגלית",ניהול אירועים,"Java בסיסי, Data Analysis Pro",מדריכת קורסים,מנהל,https://easydrawingguides.com/wp-content/uploads/2022/12/how-to-draw-an-easy-lisa-simpson-drawing-featured-image-1200.png
1965,רונית שטרן,זכר,נשוי,29,0,ישראלית,ישראל,כן,לא,טכנולוגיה,מפתח Backend,10,3,תואר ראשון תקשורת,אין,"עברית, אנגלית",Agile,"Java בסיסי, Data Analysis Pro",מהנדס תוכנה,עובד,https://easydrawingguides.com/wp-content/uploads/2022/12/how-to-draw-an-easy-lisa-simpson-drawing-featured-image-1200.png
1969,טל שטרית,נקבה,רווק,25,2,ישראלית,ישראל,כן,לא,טכנולוגיה,אנליסטית כספים,6,2,תואר ראשון במדעי המחשב,אין,"עברית, אנגלית, ספרדית",שרשרת אספקה,"Excel בסיסי, Data Analysis Pro",סייר בטחון,עובד,https://easydrawingguides.com/wp-content/uploads/2022/12/how-to-draw-an-easy-lisa-simpson-drawing-featured-image-1200.png
1995,איתן שטרן,נקבה,רווקה,27,3,ישראלית,ישראל,כן,כן,משאבי אנוש,מנהל חשבונות,3,2,תואר ראשון מדעי המחשב,תואר שני שיווק,"עברית, אנגלית, צרפתית",ניהול סיכונים,"Agile Foundations, ניהול פרויקטים מתקדם",אנליסטית,עובד,https://easydrawingguides.com/wp-content/uploads/2022/12/how-to-draw-an-easy-lisa-simpson-drawing-featured-image-1200.png
2008,מאיה פרץ,זכר,רווקה,41,2,ישראלית,ישראל,כן,כן,מודיעין,נציג שירות,3,3,תואר ראשון מערכות מידע,אין,"עברית, אנגלית",Python,"Java בסיסי, Cloud Architecture Expert",רפרנטית HR,עובד,https://easydrawingguides.com/wp-content/uploads/2022/12/how-to-draw-an-easy-lisa-simpson-drawing-featured-image-1200.png
2010,רוני שטרן,נקבה,רווקה,35,0,ישראלית,אוקראינה,לא,לא,משאבי אנוש,אחראית פרט ורווחה,6,2,תואר ראשון במשאבי אנוש,אין,"עברית, אנגלית",אקסל,"יסודות אבטחת מידע, תקשורת בין־אישית מתקדמת",מדריכת קורסים,מנהל,https://easydrawingguides.com/wp-content/uploads/2022/12/how-to-draw-an-easy-lisa-simpson-drawing-featured-image-1200.png
